0,0.0,0.0,0.0,0.0,0.0,0.0,0.0,0.0,0.0,0.0,0.0,0.0,0.0,0.0,0.0,0.91704,1.05632,1.2016,1.37736,1.48184,1.55632,1.58632,1.6908,1.7156,1.79528,1.89976,2.00424,2.0396,2.06912,2.10872
0,0.0,0.0,0.0,0.0,0.0,0.0,0.0,0.0,0.0,0.0,0.0,0.0,0.0,0.0,0.91704,0.13928,0.28456,0.46032,0.5648,0.63928,0.66928,0.77376,0.79856,0.87824,0.98272,1.0872,1.12256,1.15208,1.19168,1.28144
0,0.0,0.0,0.0,0.0,0.0,0.0,0.0,0.0,0.0,0.0,0.0,0.0,0.0,1.05632,0.13928,0.14528,0.32104,0.42552,0.5,0.53,0.63448,0.65928,0.73896,0.84344,0.94792,0.98328,1.0128,1.0524,1.14216,1.15688
0,0.0,0.0,0.0,0.0,0.0,0.0,0.0,0.0,0.0,0.0,0.0,0.0,1.2016,0.28456,0.14528,0.17576,0.28024,0.35472,0.38472,0.4892,0.514,0.59368,0.69816,0.80264,0.838,0.86752,0.90712,0.99688,1.0116,1.11608
1,0.0,0.0,0.0,0.0,0.0,0.0,0.0,0.0,0.0,0.0,0.0,1.37736,0.46032,0.32104,0.17576,0.10448,0.17896,0.20896,0.31344,0.33824,0.41792,0.5224,0.62688,0.66224,0.69176,0.73136,0.82112,0.83584,0.94032,0.98528
1,0.0,0.0,0.0,0.0,0.0,0.0,0.0,0.0,0.0,0.0,1.48184,0.5648,0.42552,0.28024,0.10448,0.07448,0.10448,0.20896,0.23376,0.31344,0.41792,0.5224,0.58728,0.58728,0.62688,0.71664,0.73136,0.83584,0.8808,0.9388
0,0.0,0.0,0.0,0.0,0.0,0.0,0.0,0.0,0.0,1.55632,0.63928,0.5,0.35472,0.17896,0.07448,0.03,0.13448,0.15928,0.23896,0.34344,0.44792,0.48328,0.5128,0.5524,0.64216,0.65688,0.76136,0.80632,0.86432,0.86584
1,0.0,0.0,0.0,0.0,0.0,0.0,0.0,0.0,1.58632,0.66928,0.53,0.38472,0.20896,0.10448,0.03,0.10448,0.12928,0.20896,0.31344,0.41792,0.45328,0.4828,0.5224,0.61216,0.62688,0.73136,0.77632,0.83432,0.83584,0.94032
1,0.0,0.0,0.0,0.0,0.0,0.0,0.0,1.6908,0.77376,0.63448,0.4892,0.31344,0.20896,0.13448,0.10448,0.0248,0.10448,0.20896,0.31344,0.3488,0.37832,0.41792,0.50768,0.5224,0.62688,0.67184,0.72984,0.73136,0.83584,0.85872
0,0.0,0.0,0.0,0.0,0.0,0.0,1.7156,0.79856,0.65928,0.514,0.33824,0.23376,0.15928,0.12928,0.0248,0.07968,0.18416,0.28864,0.324,0.35352,0.39312,0.48288,0.4976,0.60208,0.64704,0.70504,0.70656,0.81104,0.83392,0.86344
1,0.0,0.0,0.0,0.0,0.0,1.79528,0.87824,0.73896,0.59368,0.41792,0.31344,0.23896,0.20896,0.10448,0.07968,0.10448,0.20896,0.24432,0.27384,0.31344,0.4032,0.41792,0.5224,0.56736,0.62536,0.62688,0.73136,0.75424,0.78376,0.83584
1,0.0,0.0,0.0,0.0,1.89976,0.98272,0.84344,0.69816,0.5224,0.41792,0.34344,0.31344,0.20896,0.18416,0.10448,0.10448,0.13984,0.16936,0.20896,0.29872,0.31344,0.41792,0.46288,0.52088,0.5224,0.62688,0.64976,0.67928,0.73136,0.80864
1,0.0,0.0,0.0,2.00424,1.0872,0.94792,0.80264,0.62688,0.5224,0.44792,0.41792,0.31344,0.28864,0.20896,0.10448,0.03536,0.06488,0.10448,0.19424,0.20896,0.31344,0.3584,0.4164,0.41792,0.5224,0.54528,0.5748,0.62688,0.70416,0.70664
2,0.0,0.0,2.0396,1.12256,0.98328,0.838,0.66224,0.55776,0.48328,0.45328,0.3488,0.324,0.24432,0.13984,0.03536,0.02952,0.06912,0.15888,0.1736,0.27808,0.32304,0.38104,0.38256,0.48704,0.50992,0.53944,0.59152,0.6688,0.67128,0.696
2,0.0,2.06912,1.15208,1.0128,0.86752,0.69176,0.58728,0.5128,0.4828,0.37832,0.35352,0.27384,0.16936,0.06488,0.02952,0.0396,0.12936,0.14408,0.24856,0.29352,0.35152,0.35304,0.45752,0.4804,0.50992,0.562,0.63928,0.64176,0.66648,0.71952
1,2.10872,1.19168,1.0524,0.90712,0.73136,0.62688,0.5524,0.5224,0.41792,0.39312,0.31344,0.20896,0.10448,0.06912,0.0396,0.08976,0.10448,0.20896,0.25392,0.31192,0.31344,0.41792,0.4408,0.47032,0.5224,0.59968,0.60216,0.62688,0.67992,0.73136
2,1.28144,1.14216,0.99688,0.82112,0.71664,0.64216,0.61216,0.50768,0.48288,0.4032,0.29872,0.19424,0.15888,0.12936,0.08976,0.01472,0.1192,0.16416,0.22216,0.22368,0.32816,0.35104,0.38056,0.43264,0.50992,0.5124,0.53712,0.59016,0.6416,0.67408
1,1.15688,1.0116,0.83584,0.73136,0.65688,0.62688,0.5224,0.4976,0.41792,0.31344,0.20896,0.1736,0.14408,0.10448,0.01472,0.10448,0.14944,0.20744,0.20896,0.31344,0.33632,0.36584,0.41792,0.4952,0.49768,0.5224,0.57544,0.62688,0.65936,0.71736
1,1.11608,0.94032,0.83584,0.76136,0.73136,0.62688,0.60208,0.5224,0.41792,0.31344,0.27808,0.24856,0.20896,0.1192,0.10448,0.04496,0.10296,0.10448,0.20896,0.23184,0.26136,0.31344,0.39072,0.3932,0.41792,0.47096,0.5224,0.55488,0.61288,0.62688
2,0.98528,0.8808,0.80632,0.77632,0.67184,0.64704,0.56736,0.46288,0.3584,0.32304,0.29352,0.25392,0.16416,0.14944,0.04496,0.058,0.05952,0.164,0.18688,0.2164,0.26848,0.34576,0.34824,0.37296,0.426,0.47744,0.50992,0.56792,0.58192,0.6864
2,0.9388,0.86432,0.83432,0.72984,0.70504,0.62536,0.52088,0.4164,0.38104,0.35152,0.31192,0.22216,0.20744,0.10296,0.058,0.00152,0.106,0.12888,0.1584,0.21048,0.28776,0.29024,0.31496,0.368,0.41944,0.45192,0.50992,0.52392,0.6284,0.73288
1,0.86584,0.83584,0.73136,0.70656,0.62688,0.5224,0.41792,0.38256,0.35304,0.31344,0.22368,0.20896,0.10448,0.05952,0.00152,0.10448,0.12736,0.15688,0.20896,0.28624,0.28872,0.31344,0.36648,0.41792,0.4504,0.5084,0.5224,0.62688,0.73136,0.83584
1,0.94032,0.83584,0.81104,0.73136,0.62688,0.5224,0.48704,0.45752,0.41792,0.32816,0.31344,0.20896,0.164,0.106,0.10448,0.02288,0.0524,0.10448,0.18176,0.18424,0.20896,0.262,0.31344,0.34592,0.40392,0.41792,0.5224,0.62688,0.73136,0.83584
2,0.85872,0.83392,0.75424,0.64976,0.54528,0.50992,0.4804,0.4408,0.35104,0.33632,0.23184,0.18688,0.12888,0.12736,0.02288,0.02952,0.0816,0.15888,0.16136,0.18608,0.23912,0.29056,0.32304,0.38104,0.39504,0.49952,0.604,0.70848,0.81296,0.91744
2,0.86344,0.78376,0.67928,0.5748,0.53944,0.50992,0.47032,0.38056,0.36584,0.26136,0.2164,0.1584,0.15688,0.0524,0.02952,0.05208,0.12936,0.13184,0.15656,0.2096,0.26104,0.29352,0.35152,0.36552,0.47,0.57448,0.67896,0.78344,0.88792,0.95232
1,0.83584,0.73136,0.62688,0.59152,0.562,0.5224,0.43264,0.41792,0.31344,0.26848,0.21048,0.20896,0.10448,0.0816,0.05208,0.07728,0.07976,0.10448,0.15752,0.20896,0.24144,0.29944,0.31344,0.41792,0.5224,0.62688,0.73136,0.83584,0.90024,0.94032
2,0.80864,0.70416,0.6688,0.63928,0.59968,0.50992,0.4952,0.39072,0.34576,0.28776,0.28624,0.18176,0.15888,0.12936,0.07728,0.00248,0.0272,0.08024,0.13168,0.16416,0.22216,0.23616,0.34064,0.44512,0.5496,0.65408,0.75856,0.82296,0.86304,0.96752
0,0.70664,0.67128,0.64176,0.60216,0.5124,0.49768,0.3932,0.34824,0.29024,0.28872,0.18424,0.16136,0.13184,0.07976,0.00248,0.02472,0.07776,0.1292,0.16168,0.21968,0.23368,0.33816,0.44264,0.54712,0.6516,0.75608,0.82048,0.86056,0.96504,1.06952
1,0.696,0.66648,0.62688,0.53712,0.5224,0.41792,0.37296,0.31496,0.31344,0.20896,0.18608,0.15656,0.10448,0.0272,0.02472,0.05304,0.10448,0.13696,0.19496,0.20896,0.31344,0.41792,0.5224,0.62688,0.73136,0.79576,0.83584,0.94032,1.0448,1.074
0,0.71952,0.67992,0.59016,0.57544,0.47096,0.426,0.368,0.36648,0.262,0.23912,0.2096,0.15752,0.08024,0.07776,0.05304,0.05144,0.08392,0.14192,0.15592,0.2604,0.36488,0.46936,0.57384,0.67832,0.74272,0.7828,0.88728,0.99176,1.02096,1.09624
1,0.73136,0.6416,0.62688,0.5224,0.47744,0.41944,0.41792,0.31344,0.29056,0.26104,0.20896,0.13168,0.1292,0.10448,0.05144,0.03248,0.09048,0.10448,0.20896,0.31344,0.41792,0.5224,0.62688,0.69128,0.73136,0.83584,0.94032,0.96952,1.0448,1.14928
2,0.67408,0.65936,0.55488,0.50992,0.45192,0.4504,0.34592,0.32304,0.29352,0.24144,0.16416,0.16168,0.13696,0.08392,0.03248,0.058,0.072,0.17648,0.28096,0.38544,0.48992,0.5944,0.6588,0.69888,0.80336,0.90784,0.93704,1.01232,1.1168,1.1592
2,0.71736,0.61288,0.56792,0.50992,0.5084,0.40392,0.38104,0.35152,0.29944,0.22216,0.21968,0.19496,0.14192,0.09048,0.058,0.014,0.11848,0.22296,0.32744,0.43192,0.5364,0.6008,0.64088,0.74536,0.84984,0.87904,0.95432,1.0588,1.1012,1.16328
1,0.62688,0.58192,0.52392,0.5224,0.41792,0.39504,0.36552,0.31344,0.23616,0.23368,0.20896,0.15592,0.10448,0.072,0.014,0.10448,0.20896,0.31344,0.41792,0.5224,0.5868,0.62688,0.73136,0.83584,0.86504,0.94032,1.0448,1.0872,1.14928,1.25376
1,0.6864,0.6284,0.62688,0.5224,0.49952,0.47,0.41792,0.34064,0.33816,0.31344,0.2604,0.20896,0.17648,0.11848,0.10448,0.10448,0.20896,0.31344,0.41792,0.48232,0.5224,0.62688,0.73136,0.76056,0.83584,0.94032,0.98272,1.0448,1.14928,1.22704
1,0.73288,0.73136,0.62688,0.604,0.57448,0.5224,0.44512,0.44264,0.41792,0.36488,0.31344,0.28096,0.22296,0.20896,0.10448,0.10448,0.20896,0.31344,0.37784,0.41792,0.5224,0.62688,0.65608,0.73136,0.83584,0.87824,0.94032,1.0448,1.12256,1.14928
1,0.83584,0.73136,0.70848,0.67896,0.62688,0.5496,0.54712,0.5224,0.46936,0.41792,0.38544,0.32744,0.31344,0.20896,0.10448,0.10448,0.20896,0.27336,0.31344,0.41792,0.5224,0.5516,0.62688,0.73136,0.77376,0.83584,0.94032,1.01808,1.0448,1.0476
1,0.83584,0.81296,0.78344,0.73136,0.65408,0.6516,0.62688,0.57384,0.5224,0.48992,0.43192,0.41792,0.31344,0.20896,0.10448,0.10448,0.16888,0.20896,0.31344,0.41792,0.44712,0.5224,0.62688,0.66928,0.73136,0.83584,0.9136,0.94032,0.94312,1.0416
1,0.91744,0.88792,0.83584,0.75856,0.75608,0.73136,0.67832,0.62688,0.5944,0.5364,0.5224,0.41792,0.31344,0.20896,0.10448,0.0644,0.10448,0.20896,0.31344,0.34264,0.41792,0.5224,0.5648,0.62688,0.73136,0.80912,0.83584,0.83864,0.93712,0.94032
0,0.95232,0.90024,0.82296,0.82048,0.79576,0.74272,0.69128,0.6588,0.6008,0.5868,0.48232,0.37784,0.27336,0.16888,0.0644,0.04008,0.14456,0.24904,0.27824,0.35352,0.458,0.5004,0.56248,0.66696,0.74472,0.77144,0.77424,0.87272,0.87592,0.9036
1,0.94032,0.86304,0.86056,0.83584,0.7828,0.73136,0.69888,0.64088,0.62688,0.5224,0.41792,0.31344,0.20896,0.10448,0.04008,0.10448,0.20896,0.23816,0.31344,0.41792,0.46032,0.5224,0.62688,0.70464,0.73136,0.73416,0.83264,0.83584,0.86352,0.94032
1,0.96752,0.96504,0.94032,0.88728,0.83584,0.80336,0.74536,0.73136,0.62688,0.5224,0.41792,0.31344,0.20896,0.14456,0.10448,0.10448,0.13368,0.20896,0.31344,0.35584,0.41792,0.5224,0.60016,0.62688,0.62968,0.72816,0.73136,0.75904,0.83584,0.8704
1,1.06952,1.0448,0.99176,0.94032,0.90784,0.84984,0.83584,0.73136,0.62688,0.5224,0.41792,0.31344,0.24904,0.20896,0.10448,0.0292,0.10448,0.20896,0.25136,0.31344,0.41792,0.49568,0.5224,0.5252,0.62368,0.62688,0.65456,0.73136,0.76592,0.81872
0,1.074,1.02096,0.96952,0.93704,0.87904,0.86504,0.76056,0.65608,0.5516,0.44712,0.34264,0.27824,0.23816,0.13368,0.0292,0.07528,0.17976,0.22216,0.28424,0.38872,0.46648,0.4932,0.496,0.59448,0.59768,0.62536,0.70216,0.73672,0.78952,0.80664
1,1.09624,1.0448,1.01232,0.95432,0.94032,0.83584,0.73136,0.62688,0.5224,0.41792,0.35352,0.31344,0.20896,0.10448,0.07528,0.10448,0.14688,0.20896,0.31344,0.3912,0.41792,0.42072,0.5192,0.5224,0.55008,0.62688,0.66144,0.71424,0.73136,0.77224
1,1.14928,1.1168,1.0588,1.0448,0.94032,0.83584,0.73136,0.62688,0.5224,0.458,0.41792,0.31344,0.20896,0.17976,0.10448,0.0424,0.10448,0.20896,0.28672,0.31344,0.31624,0.41472,0.41792,0.4456,0.5224,0.55696,0.60976,0.62688,0.66776,0.73136
0,1.1592,1.1012,1.0872,0.98272,0.87824,0.77376,0.66928,0.5648,0.5004,0.46032,0.35584,0.25136,0.22216,0.14688,0.0424,0.06208,0.16656,0.24432,0.27104,0.27384,0.37232,0.37552,0.4032,0.48,0.51456,0.56736,0.58448,0.62536,0.68896,0.75424
1,1.16328,1.14928,1.0448,0.94032,0.83584,0.73136,0.62688,0.56248,0.5224,0.41792,0.31344,0.28424,0.20896,0.10448,0.06208,0.10448,0.18224,0.20896,0.21176,0.31024,0.31344,0.34112,0.41792,0.45248,0.50528,0.5224,0.56328,0.62688,0.69216,0.72168
1,1.25376,1.14928,1.0448,0.94032,0.83584,0.73136,0.66696,0.62688,0.5224,0.41792,0.38872,0.31344,0.20896,0.16656,0.10448,0.07776,0.10448,0.10728,0.20576,0.20896,0.23664,0.31344,0.348,0.4008,0.41792,0.4588,0.5224,0.58768,0.6172,0.62688
2,1.22704,1.12256,1.01808,0.9136,0.80912,0.74472,0.70464,0.60016,0.49568,0.46648,0.3912,0.28672,0.24432,0.18224,0.07776,0.02672,0.02952,0.128,0.1312,0.15888,0.23568,0.27024,0.32304,0.34016,0.38104,0.44464,0.50992,0.53944,0.54912,0.6536
1,1.14928,1.0448,0.94032,0.83584,0.77144,0.73136,0.62688,0.5224,0.4932,0.41792,0.31344,0.27104,0.20896,0.10448,0.02672,0.0028,0.10128,0.10448,0.13216,0.20896,0.24352,0.29632,0.31344,0.35432,0.41792,0.4832,0.51272,0.5224,0.62688,0.64208
2,1.0476,0.94312,0.83864,0.77424,0.73416,0.62968,0.5252,0.496,0.42072,0.31624,0.27384,0.21176,0.10728,0.02952,0.0028,0.09848,0.10168,0.12936,0.20616,0.24072,0.29352,0.31064,0.35152,0.41512,0.4804,0.50992,0.5196,0.62408,0.63928,0.72856
0,1.0416,0.93712,0.87272,0.83264,0.72816,0.62368,0.59448,0.5192,0.41472,0.37232,0.31024,0.20576,0.128,0.10128,0.09848,0.0032,0.03088,0.10768,0.14224,0.19504,0.21216,0.25304,0.31664,0.38192,0.41144,0.42112,0.5256,0.5408,0.63008,0.63568
1,0.94032,0.87592,0.83584,0.73136,0.62688,0.59768,0.5224,0.41792,0.37552,0.31344,0.20896,0.1312,0.10448,0.10168,0.0032,0.02768,0.10448,0.13904,0.19184,0.20896,0.24984,0.31344,0.37872,0.40824,0.41792,0.5224,0.5376,0.62688,0.63248,0.70176
2,0.9036,0.86352,0.75904,0.65456,0.62536,0.55008,0.4456,0.4032,0.34112,0.23664,0.15888,0.13216,0.12936,0.03088,0.02768,0.0768,0.11136,0.16416,0.18128,0.22216,0.28576,0.35104,0.38056,0.39024,0.49472,0.50992,0.5992,0.6048,0.67408,0.70368
1,0.94032,0.83584,0.73136,0.70216,0.62688,0.5224,0.48,0.41792,0.31344,0.23568,0.20896,0.20616,0.10768,0.10448,0.0768,0.03456,0.08736,0.10448,0.14536,0.20896,0.27424,0.30376,0.31344,0.41792,0.43312,0.5224,0.528,0.59728,0.62688,0.65528
0,0.8704,0.76592,0.73672,0.66144,0.55696,0.51456,0.45248,0.348,0.27024,0.24352,0.24072,0.14224,0.13904,0.11136,0.03456,0.0528,0.06992,0.1108,0.1744,0.23968,0.2692,0.27888,0.38336,0.39856,0.48784,0.49344,0.56272,0.59232,0.62072,0.6968
2,0.81872,0.78952,0.71424,0.60976,0.56736,0.50528,0.4008,0.32304,0.29632,0.29352,0.19504,0.19184,0.16416,0.08736,0.0528,0.01712,0.058,0.1216,0.18688,0.2164,0.22608,0.33056,0.34576,0.43504,0.44064,0.50992,0.53952,0.56792,0.644,0.67384
1,0.80664,0.73136,0.62688,0.58448,0.5224,0.41792,0.34016,0.31344,0.31064,0.21216,0.20896,0.18128,0.10448,0.06992,0.01712,0.04088,0.10448,0.16976,0.19928,0.20896,0.31344,0.32864,0.41792,0.42352,0.4928,0.5224,0.5508,0.62688,0.65672,0.67968
2,0.77224,0.66776,0.62536,0.56328,0.4588,0.38104,0.35432,0.35152,0.25304,0.24984,0.22216,0.14536,0.1108,0.058,0.04088,0.0636,0.12888,0.1584,0.16808,0.27256,0.28776,0.37704,0.38264,0.45192,0.48152,0.50992,0.586,0.61584,0.6388,0.66832
1,0.73136,0.68896,0.62688,0.5224,0.44464,0.41792,0.41512,0.31664,0.31344,0.28576,0.20896,0.1744,0.1216,0.10448,0.0636,0.06528,0.0948,0.10448,0.20896,0.22416,0.31344,0.31904,0.38832,0.41792,0.44632,0.5224,0.55224,0.5752,0.60472,0.62688
2,0.75424,0.69216,0.58768,0.50992,0.4832,0.4804,0.38192,0.37872,0.35104,0.27424,0.23968,0.18688,0.16976,0.12888,0.06528,0.02952,0.0392,0.14368,0.15888,0.24816,0.25376,0.32304,0.35264,0.38104,0.45712,0.48696,0.50992,0.53944,0.5616,0.66608
2,0.72168,0.6172,0.53944,0.51272,0.50992,0.41144,0.40824,0.38056,0.30376,0.2692,0.2164,0.19928,0.1584,0.0948,0.02952,0.00968,0.11416,0.12936,0.21864,0.22424,0.29352,0.32312,0.35152,0.4276,0.45744,0.4804,0.50992,0.53208,0.63656,0.63928
1,0.62688,0.54912,0.5224,0.5196,0.42112,0.41792,0.39024,0.31344,0.27888,0.22608,0.20896,0.16808,0.10448,0.0392,0.00968,0.10448,0.11968,0.20896,0.21456,0.28384,0.31344,0.34184,0.41792,0.44776,0.47072,0.50024,0.5224,0.62688,0.6296,0.79376
1,0.6536,0.62688,0.62408,0.5256,0.5224,0.49472,0.41792,0.38336,0.33056,0.31344,0.27256,0.20896,0.14368,0.11416,0.10448,0.0152,0.10448,0.11008,0.17936,0.20896,0.23736,0.31344,0.34328,0.36624,0.39576,0.41792,0.5224,0.52512,0.68928,0.74728
2,0.64208,0.63928,0.5408,0.5376,0.50992,0.43312,0.39856,0.34576,0.32864,0.28776,0.22416,0.15888,0.12936,0.11968,0.0152,0.08928,0.09488,0.16416,0.19376,0.22216,0.29824,0.32808,0.35104,0.38056,0.40272,0.5072,0.50992,0.67408,0.73208,0.74352
1,0.72856,0.63008,0.62688,0.5992,0.5224,0.48784,0.43504,0.41792,0.37704,0.31344,0.24816,0.21864,0.20896,0.10448,0.08928,0.0056,0.07488,0.10448,0.13288,0.20896,0.2388,0.26176,0.29128,0.31344,0.41792,0.42064,0.5848,0.6428,0.65424,0.75832
0,0.63568,0.63248,0.6048,0.528,0.49344,0.44064,0.42352,0.38264,0.31904,0.25376,0.22424,0.21456,0.11008,0.09488,0.0056,0.06928,0.09888,0.12728,0.20336,0.2332,0.25616,0.28568,0.30784,0.41232,0.41504,0.5792,0.6372,0.64864,0.75272,0.76608
2,0.70176,0.67408,0.59728,0.56272,0.50992,0.4928,0.45192,0.38832,0.32304,0.29352,0.28384,0.17936,0.16416,0.07488,0.06928,0.0296,0.058,0.13408,0.16392,0.18688,0.2164,0.23856,0.34304,0.34576,0.50992,0.56792,0.57936,0.68344,0.6968,0.77624
1,0.70368,0.62688,0.59232,0.53952,0.5224,0.48152,0.41792,0.35264,0.32312,0.31344,0.20896,0.19376,0.10448,0.09888,0.0296,0.0284,0.10448,0.13432,0.15728,0.1868,0.20896,0.31344,0.31616,0.48032,0.53832,0.54976,0.65384,0.6672,0.74664,0.76424
2,0.65528,0.62072,0.56792,0.5508,0.50992,0.44632,0.38104,0.35152,0.34184,0.23736,0.22216,0.13288,0.12728,0.058,0.0284,0.07608,0.10592,0.12888,0.1584,0.18056,0.28504,0.28776,0.45192,0.50992,0.52136,0.62544,0.6388,0.71824,0.73584,1.384
1,0.6968,0.644,0.62688,0.586,0.5224,0.45712,0.4276,0.41792,0.31344,0.29824,0.20896,0.20336,0.13408,0.10448,0.07608,0.02984,0.0528,0.08232,0.10448,0.20896,0.21168,0.37584,0.43384,0.44528,0.54936,0.56272,0.64216,0.65976,1.30792,1.41776
0,0.67384,0.65672,0.61584,0.55224,0.48696,0.45744,0.44776,0.34328,0.32808,0.2388,0.2332,0.16392,0.13432,0.10592,0.02984,0.02296,0.05248,0.07464,0.17912,0.18184,0.346,0.404,0.41544,0.51952,0.53288,0.61232,0.62992,1.27808,1.38792,2.47368
2,0.67968,0.6388,0.5752,0.50992,0.4804,0.47072,0.36624,0.35104,0.26176,0.25616,0.18688,0.15728,0.12888,0.0528,0.02296,0.02952,0.05168,0.15616,0.15888,0.32304,0.38104,0.39248,0.49656,0.50992,0.58936,0.60696,1.25512,1.36496,2.45072,2.6728
2,0.66832,0.60472,0.53944,0.50992,0.50024,0.39576,0.38056,0.29128,0.28568,0.2164,0.1868,0.1584,0.08232,0.05248,0.02952,0.02216,0.12664,0.12936,0.29352,0.35152,0.36296,0.46704,0.4804,0.55984,0.57744,1.2256,1.33544,2.4212,2.64328,2.65616
1,0.62688,0.5616,0.53208,0.5224,0.41792,0.40272,0.31344,0.30784,0.23856,0.20896,0.18056,0.10448,0.07464,0.05168,0.02216,0.10448,0.1072,0.27136,0.32936,0.3408,0.44488,0.45824,0.53768,0.55528,1.20344,1.31328,2.39904,2.62112,2.634,2.63672
1,0.66608,0.63656,0.62688,0.5224,0.5072,0.41792,0.41232,0.34304,0.31344,0.28504,0.20896,0.17912,0.15616,0.12664,0.10448,0.00272,0.16688,0.22488,0.23632,0.3404,0.35376,0.4332,0.4508,1.09896,1.2088,2.29456,2.51664,2.52952,2.53224,2.54616
2,0.63928,0.6296,0.52512,0.50992,0.42064,0.41504,0.34576,0.31616,0.28776,0.21168,0.18184,0.15888,0.12936,0.1072,0.00272,0.16416,0.22216,0.2336,0.33768,0.35104,0.43048,0.44808,1.09624,1.20608,2.29184,2.51392,2.5268,2.52952,2.54344,2.60288
2,0.79376,0.68928,0.67408,0.5848,0.5792,0.50992,0.48032,0.45192,0.37584,0.346,0.32304,0.29352,0.27136,0.16688,0.16416,0.058,0.06944,0.17352,0.18688,0.26632,0.28392,0.93208,1.04192,2.12768,2.34976,2.36264,2.36536,2.37928,2.43872,2.50864
2,0.74728,0.73208,0.6428,0.6372,0.56792,0.53832,0.50992,0.43384,0.404,0.38104,0.35152,0.32936,0.22488,0.22216,0.058,0.01144,0.11552,0.12888,0.20832,0.22592,0.87408,0.98392,2.06968,2.29176,2.30464,2.30736,2.32128,2.38072,2.45064,2.4544
0,0.74352,0.65424,0.64864,0.57936,0.54976,0.52136,0.44528,0.41544,0.39248,0.36296,0.3408,0.23632,0.2336,0.06944,0.01144,0.10408,0.11744,0.19688,0.21448,0.86264,0.97248,2.05824,2.28032,2.2932,2.29592,2.30984,2.36928,2.4392,2.44296,2.47376
0,0.75832,0.75272,0.68344,0.65384,0.62544,0.54936,0.51952,0.49656,0.46704,0.44488,0.3404,0.33768,0.17352,0.11552,0.10408,0.01336,0.0928,0.1104,0.75856,0.8684,1.95416,2.17624,2.18912,2.19184,2.20576,2.2652,2.33512,2.33888,2.36968,2.47416
2,0.76608,0.6968,0.6672,0.6388,0.56272,0.53288,0.50992,0.4804,0.45824,0.35376,0.35104,0.18688,0.12888,0.11744,0.01336,0.07944,0.09704,0.7452,0.85504,1.9408,2.16288,2.17576,2.17848,2.1924,2.25184,2.32176,2.32552,2.35632,2.4608,2.48592
0,0.77624,0.74664,0.71824,0.64216,0.61232,0.58936,0.55984,0.53768,0.4332,0.43048,0.26632,0.20832,0.19688,0.0928,0.07944,0.0176,0.66576,0.7756,1.86136,2.08344,2.09632,2.09904,2.11296,2.1724,2.24232,2.24608,2.27688,2.38136,2.40648,2.41128
0,0.76424,0.73584,0.65976,0.62992,0.60696,0.57744,0.55528,0.4508,0.44808,0.28392,0.22592,0.21448,0.1104,0.09704,0.0176,0.64816,0.758,1.84376,2.06584,2.07872,2.08144,2.09536,2.1548,2.22472,2.22848,2.25928,2.36376,2.38888,2.39368,2.42288
0,1.384,1.30792,1.27808,1.25512,1.2256,1.20344,1.09896,1.09624,0.93208,0.87408,0.86264,0.75856,0.7452,0.66576,0.64816,0.10984,1.1956,1.41768,1.43056,1.43328,1.4472,1.50664,1.57656,1.58032,1.61112,1.7156,1.74072,1.74552,1.77472,1.7892
0,1.41776,1.38792,1.36496,1.33544,1.31328,1.2088,1.20608,1.04192,0.98392,0.97248,0.8684,0.85504,0.7756,0.758,0.10984,1.08576,1.30784,1.32072,1.32344,1.33736,1.3968,1.46672,1.47048,1.50128,1.60576,1.63088,1.63568,1.66488,1.67936,1.68888
0,2.47368,2.45072,2.4212,2.39904,2.29456,2.29184,2.12768,2.06968,2.05824,1.95416,1.9408,1.86136,1.84376,1.1956,1.08576,0.22208,0.23496,0.23768,0.2516,0.31104,0.38096,0.38472,0.41552,0.52,0.54512,0.54992,0.57912,0.5936,0.60312,0.62448
2,2.6728,2.64328,2.62112,2.51664,2.51392,2.34976,2.29176,2.28032,2.17624,2.16288,2.08344,2.06584,1.41768,1.30784,0.22208,0.01288,0.0156,0.02952,0.08896,0.15888,0.16264,0.19344,0.29792,0.32304,0.32784,0.35704,0.37152,0.38104,0.4024,0.50688
0,2.65616,2.634,2.52952,2.5268,2.36264,2.30464,2.2932,2.18912,2.17576,2.09632,2.07872,1.43056,1.32072,0.23496,0.01288,0.00272,0.01664,0.07608,0.146,0.14976,0.18056,0.28504,0.31016,0.31496,0.34416,0.35864,0.36816,0.38952,0.494,0.49704
0,2.63672,2.53224,2.52952,2.36536,2.30736,2.29592,2.19184,2.17848,2.09904,2.08144,1.43328,1.32344,0.23768,0.0156,0.00272,0.01392,0.07336,0.14328,0.14704,0.17784,0.28232,0.30744,0.31224,0.34144,0.35592,0.36544,0.3868,0.49128,0.49432,0.52384
2,2.54616,2.54344,2.37928,2.32128,2.30984,2.20576,2.1924,2.11296,2.09536,1.4472,1.33736,0.2516,0.02952,0.01664,0.01392,0.05944,0.12936,0.13312,0.16392,0.2684,0.29352,0.29832,0.32752,0.342,0.35152,0.37288,0.47736,0.4804,0.50992,0.58184
1,2.60288,2.43872,2.38072,2.36928,2.2652,2.25184,2.1724,2.1548,1.50664,1.3968,0.31104,0.08896,0.07608,0.07336,0.05944,0.06992,0.07368,0.10448,0.20896,0.23408,0.23888,0.26808,0.28256,0.29208,0.31344,0.41792,0.42096,0.45048,0.5224,0.57984
2,2.50864,2.45064,2.4392,2.33512,2.32176,2.24232,2.22472,1.57656,1.46672,0.38096,0.15888,0.146,0.14328,0.12936,0.06992,0.00376,0.03456,0.13904,0.16416,0.16896,0.19816,0.21264,0.22216,0.24352,0.348,0.35104,0.38056,0.45248,0.50992,0.55696
0,2.4544,2.44296,2.33888,2.32552,2.24608,2.22848,1.58032,1.47048,0.38472,0.16264,0.14976,0.14704,0.13312,0.07368,0.00376,0.0308,0.13528,0.1604,0.1652,0.1944,0.20888,0.2184,0.23976,0.34424,0.34728,0.3768,0.44872,0.50616,0.5532,0.65768
1,2.47376,2.36968,2.35632,2.27688,2.25928,1.61112,1.50128,0.41552,0.19344,0.18056,0.17784,0.16392,0.10448,0.03456,0.0308,0.10448,0.1296,0.1344,0.1636,0.17808,0.1876,0.20896,0.31344,0.31648,0.346,0.41792,0.47536,0.5224,0.62688,0.63952
1,2.47416,2.4608,2.38136,2.36376,1.7156,1.60576,0.52,0.29792,0.28504,0.28232,0.2684,0.20896,0.13904,0.13528,0.10448,0.02512,0.02992,0.05912,0.0736,0.08312,0.10448,0.20896,0.212,0.24152,0.31344,0.37088,0.41792,0.5224,0.53504,0.55608
2,2.48592,2.40648,2.38888,1.74072,1.63088,0.54512,0.32304,0.31016,0.30744,0.29352,0.23408,0.16416,0.1604,0.1296,0.02512,0.0048,0.034,0.04848,0.058,0.07936,0.18384,0.18688,0.2164,0.28832,0.34576,0.3928,0.49728,0.50992,0.53096,0.56792
0,2.41128,2.39368,1.74552,1.63568,0.54992,0.32784,0.31496,0.31224,0.29832,0.23888,0.16896,0.1652,0.1344,0.02992,0.0048,0.0292,0.04368,0.0532,0.07456,0.17904,0.18208,0.2116,0.28352,0.34096,0.388,0.49248,0.50512,0.52616,0.56312,0.59696
0,2.42288,1.77472,1.66488,0.57912,0.35704,0.34416,0.34144,0.32752,0.26808,0.19816,0.1944,0.1636,0.05912,0.034,0.0292,0.01448,0.024,0.04536,0.14984,0.15288,0.1824,0.25432,0.31176,0.3588,0.46328,0.47592,0.49696,0.53392,0.56776,0.6236
0,1.7892,1.67936,0.5936,0.37152,0.35864,0.35592,0.342,0.28256,0.21264,0.20888,0.17808,0.0736,0.04848,0.04368,0.01448,0.00952,0.03088,0.13536,0.1384,0.16792,0.23984,0.29728,0.34432,0.4488,0.46144,0.48248,0.51944,0.55328,0.60912,0.64832
2,1.68888,0.60312,0.38104,0.36816,0.36544,0.35152,0.29208,0.22216,0.2184,0.1876,0.08312,0.058,0.0532,0.024,0.00952,0.02136,0.12584,0.12888,0.1584,0.23032,0.28776,0.3348,0.43928,0.45192,0.47296,0.50992,0.54376,0.5996,0.6388,0.6448
1,0.62448,0.4024,0.38952,0.3868,0.37288,0.31344,0.24352,0.23976,0.20896,0.10448,0.07936,0.07456,0.04536,0.03088,0.02136,0.10448,0.10752,0.13704,0.20896,0.2664,0.31344,0.41792,0.43056,0.4516,0.48856,0.5224,0.57824,0.61744,0.62344,0.62688
1,0.50688,0.494,0.49128,0.47736,0.41792,0.348,0.34424,0.31344,0.20896,0.18384,0.17904,0.14984,0.13536,0.12584,0.10448,0.00304,0.03256,0.10448,0.16192,0.20896,0.31344,0.32608,0.34712,0.38408,0.41792,0.47376,0.51296,0.51896,0.5224,0.54248
2,0.49704,0.49432,0.4804,0.42096,0.35104,0.34728,0.31648,0.212,0.18688,0.18208,0.15288,0.1384,0.12888,0.10752,0.00304,0.02952,0.10144,0.15888,0.20592,0.3104,0.32304,0.34408,0.38104,0.41488,0.47072,0.50992,0.51592,0.51936,0.53944,0.62384
2,0.52384,0.50992,0.45048,0.38056,0.3768,0.346,0.24152,0.2164,0.2116,0.1824,0.16792,0.1584,0.13704,0.03256,0.02952,0.07192,0.12936,0.1764,0.28088,0.29352,0.31456,0.35152,0.38536,0.4412,0.4804,0.4864,0.48984,0.50992,0.59432,0.63928
1,0.58184,0.5224,0.45248,0.44872,0.41792,0.31344,0.28832,0.28352,0.25432,0.23984,0.23032,0.20896,0.10448,0.10144,0.07192,0.05744,0.10448,0.20896,0.2216,0.24264,0.2796,0.31344,0.36928,0.40848,0.41448,0.41792,0.438,0.5224,0.56736,0.62688
2,0.57984,0.50992,0.50616,0.47536,0.37088,0.34576,0.34096,0.31176,0.29728,0.28776,0.2664,0.16192,0.15888,0.12936,0.05744,0.04704,0.15152,0.16416,0.1852,0.22216,0.256,0.31184,0.35104,0.35704,0.36048,0.38056,0.46496,0.50992,0.56944,0.67392
1,0.55696,0.5532,0.5224,0.41792,0.3928,0.388,0.3588,0.34432,0.3348,0.31344,0.20896,0.20592,0.1764,0.10448,0.04704,0.10448,0.11712,0.13816,0.17512,0.20896,0.2648,0.304,0.31,0.31344,0.33352,0.41792,0.46288,0.5224,0.62688,0.62704
1,0.65768,0.62688,0.5224,0.49728,0.49248,0.46328,0.4488,0.43928,0.41792,0.31344,0.3104,0.28088,0.20896,0.15152,0.10448,0.01264,0.03368,0.07064,0.10448,0.16032,0.19952,0.20552,0.20896,0.22904,0.31344,0.3584,0.41792,0.5224,0.52256,0.58056
2,0.63952,0.53504,0.50992,0.50512,0.47592,0.46144,0.45192,0.43056,0.32608,0.32304,0.29352,0.2216,0.16416,0.11712,0.01264,0.02104,0.058,0.09184,0.14768,0.18688,0.19288,0.19632,0.2164,0.3008,0.34576,0.40528,0.50976,0.50992,0.56792,0.61272
0,0.55608,0.53096,0.52616,0.49696,0.48248,0.47296,0.4516,0.34712,0.34408,0.31456,0.24264,0.1852,0.13816,0.03368,0.02104,0.03696,0.0708,0.12664,0.16584,0.17184,0.17528,0.19536,0.27976,0.32472,0.38424,0.48872,0.48888,0.54688,0.59168,0.5932
2,0.56792,0.56312,0.53392,0.51944,0.50992,0.48856,0.38408,0.38104,0.35152,0.2796,0.22216,0.17512,0.07064,0.058,0.03696,0.03384,0.08968,0.12888,0.13488,0.13832,0.1584,0.2428,0.28776,0.34728,0.45176,0.45192,0.50992,0.55472,0.55624,0.6388
1,0.59696,0.56776,0.55328,0.54376,0.5224,0.41792,0.41488,0.38536,0.31344,0.256,0.20896,0.10448,0.09184,0.0708,0.03384,0.05584,0.09504,0.10104,0.10448,0.12456,0.20896,0.25392,0.31344,0.41792,0.41808,0.47608,0.52088,0.5224,0.60496,0.62688
0,0.6236,0.60912,0.5996,0.57824,0.47376,0.47072,0.4412,0.36928,0.31184,0.2648,0.16032,0.14768,0.12664,0.08968,0.05584,0.0392,0.0452,0.04864,0.06872,0.15312,0.19808,0.2576,0.36208,0.36224,0.42024,0.46504,0.46656,0.54912,0.57104,0.58528
2,0.64832,0.6388,0.61744,0.51296,0.50992,0.4804,0.40848,0.35104,0.304,0.19952,0.18688,0.16584,0.12888,0.09504,0.0392,0.006,0.00944,0.02952,0.11392,0.15888,0.2184,0.32288,0.32304,0.38104,0.42584,0.42736,0.50992,0.53184,0.54608,0.63632
0,0.6448,0.62344,0.51896,0.51592,0.4864,0.41448,0.35704,0.31,0.20552,0.19288,0.17184,0.13488,0.10104,0.0452,0.006,0.00344,0.02352,0.10792,0.15288,0.2124,0.31688,0.31704,0.37504,0.41984,0.42136,0.50392,0.52584,0.54008,0.63032,0.7348
1,0.62688,0.5224,0.51936,0.48984,0.41792,0.36048,0.31344,0.20896,0.19632,0.17528,0.13832,0.10448,0.04864,0.00944,0.00344,0.02008,0.10448,0.14944,0.20896,0.31344,0.3136,0.3716,0.4164,0.41792,0.50048,0.5224,0.53664,0.62688,0.73136,0.83584
2,0.54248,0.53944,0.50992,0.438,0.38056,0.33352,0.22904,0.2164,0.19536,0.1584,0.12456,0.06872,0.02952,0.02352,0.02008,0.0844,0.12936,0.18888,0.29336,0.29352,0.35152,0.39632,0.39784,0.4804,0.50232,0.51656,0.6068,0.71128,0.81576,0.92024
1,0.62384,0.59432,0.5224,0.46496,0.41792,0.31344,0.3008,0.27976,0.2428,0.20896,0.15312,0.11392,0.10792,0.10448,0.0844,0.04496,0.10448,0.20896,0.20912,0.26712,0.31192,0.31344,0.396,0.41792,0.43216,0.5224,0.62688,0.73136,0.83584,0.94032
2,0.63928,0.56736,0.50992,0.46288,0.3584,0.34576,0.32472,0.28776,0.25392,0.19808,0.15888,0.15288,0.14944,0.12936,0.04496,0.05952,0.164,0.16416,0.22216,0.26696,0.26848,0.35104,0.37296,0.3872,0.47744,0.58192,0.6864,0.79088,0.89536,0.99984
1,0.62688,0.56944,0.5224,0.41792,0.40528,0.38424,0.34728,0.31344,0.2576,0.2184,0.2124,0.20896,0.18888,0.10448,0.05952,0.10448,0.10464,0.16264,0.20744,0.20896,0.29152,0.31344,0.32768,0.41792,0.5224,0.62688,0.73136,0.83584,0.94032,1.0448
1,0.67392,0.62688,0.5224,0.50976,0.48872,0.45176,0.41792,0.36208,0.32288,0.31688,0.31344,0.29336,0.20896,0.164,0.10448,0.00016,0.05816,0.10296,0.10448,0.18704,0.20896,0.2232,0.31344,0.41792,0.5224,0.62688,0.73136,0.83584,0.94032,1.0448
2,0.62704,0.52256,0.50992,0.48888,0.45192,0.41808,0.36224,0.32304,0.31704,0.3136,0.29352,0.20912,0.16416,0.10464,0.00016,0.058,0.1028,0.10432,0.18688,0.2088,0.22304,0.31328,0.41776,0.52224,0.62672,0.7312,0.83568,0.94016,1.04464,1.14912
2,0.58056,0.56792,0.54688,0.50992,0.47608,0.42024,0.38104,0.37504,0.3716,0.35152,0.26712,0.22216,0.16264,0.05816,0.058,0.0448,0.04632,0.12888,0.1508,0.16504,0.25528,0.35976,0.46424,0.56872,0.6732,0.77768,0.88216,0.98664,1.09112,1.12656
0,0.61272,0.59168,0.55472,0.52088,0.46504,0.42584,0.41984,0.4164,0.39632,0.31192,0.26696,0.20744,0.10296,0.1028,0.0448,0.00152,0.08408,0.106,0.12024,0.21048,0.31496,0.41944,0.52392,0.6284,0.73288,0.83736,0.94184,1.04632,1.08176,1.1508
1,0.5932,0.55624,0.5224,0.46656,0.42736,0.42136,0.41792,0.39784,0.31344,0.26848,0.20896,0.10448,0.10432,0.04632,0.00152,0.08256,0.10448,0.11872,0.20896,0.31344,0.41792,0.5224,0.62688,0.73136,0.83584,0.94032,1.0448,1.08024,1.14928,1.25376
2,0.6388,0.60496,0.54912,0.50992,0.50392,0.50048,0.4804,0.396,0.35104,0.29152,0.18704,0.18688,0.12888,0.08408,0.08256,0.02192,0.03616,0.1264,0.23088,0.33536,0.43984,0.54432,0.6488,0.75328,0.85776,0.96224,0.99768,1.06672,1.1712,1.18688
1,0.62688,0.57104,0.53184,0.52584,0.5224,0.50232,0.41792,0.37296,0.31344,0.20896,0.2088,0.1508,0.106,0.10448,0.02192,0.01424,0.10448,0.20896,0.31344,0.41792,0.5224,0.62688,0.73136,0.83584,0.94032,0.97576,1.0448,1.14928,1.16496,1.20536
0,0.58528,0.54608,0.54008,0.53664,0.51656,0.43216,0.3872,0.32768,0.2232,0.22304,0.16504,0.12024,0.11872,0.03616,0.01424,0.09024,0.19472,0.2992,0.40368,0.50816,0.61264,0.71712,0.8216,0.92608,0.96152,1.03056,1.13504,1.15072,1.19112,1.23952
1,0.63632,0.63032,0.62688,0.6068,0.5224,0.47744,0.41792,0.31344,0.31328,0.25528,0.21048,0.20896,0.1264,0.10448,0.09024,0.10448,0.20896,0.31344,0.41792,0.5224,0.62688,0.73136,0.83584,0.87128,0.94032,1.0448,1.06048,1.10088,1.14928,1.16784
1,0.7348,0.73136,0.71128,0.62688,0.58192,0.5224,0.41792,0.41776,0.35976,0.31496,0.31344,0.23088,0.20896,0.19472,0.10448,0.10448,0.20896,0.31344,0.41792,0.5224,0.62688,0.73136,0.7668,0.83584,0.94032,0.956,0.9964,1.0448,1.06336,1.09288
1,0.83584,0.81576,0.73136,0.6864,0.62688,0.5224,0.52224,0.46424,0.41944,0.41792,0.33536,0.31344,0.2992,0.20896,0.10448,0.10448,0.20896,0.31344,0.41792,0.5224,0.62688,0.66232,0.73136,0.83584,0.85152,0.89192,0.94032,0.95888,0.9884,1.0448
1,0.92024,0.83584,0.79088,0.73136,0.62688,0.62672,0.56872,0.52392,0.5224,0.43984,0.41792,0.40368,0.31344,0.20896,0.10448,0.10448,0.20896,0.31344,0.41792,0.5224,0.55784,0.62688,0.73136,0.74704,0.78744,0.83584,0.8544,0.88392,0.94032,1.01328
1,0.94032,0.89536,0.83584,0.73136,0.7312,0.6732,0.6284,0.62688,0.54432,0.5224,0.50816,0.41792,0.31344,0.20896,0.10448,0.10448,0.20896,0.31344,0.41792,0.45336,0.5224,0.62688,0.64256,0.68296,0.73136,0.74992,0.77944,0.83584,0.9088,0.94032
1,0.99984,0.94032,0.83584,0.83568,0.77768,0.73288,0.73136,0.6488,0.62688,0.61264,0.5224,0.41792,0.31344,0.20896,0.10448,0.10448,0.20896,0.31344,0.34888,0.41792,0.5224,0.53808,0.57848,0.62688,0.64544,0.67496,0.73136,0.80432,0.83584,0.94032
1,1.0448,0.94032,0.94016,0.88216,0.83736,0.83584,0.75328,0.73136,0.71712,0.62688,0.5224,0.41792,0.31344,0.20896,0.10448,0.10448,0.20896,0.2444,0.31344,0.41792,0.4336,0.474,0.5224,0.54096,0.57048,0.62688,0.69984,0.73136,0.83584,0.864
1,1.0448,1.04464,0.98664,0.94184,0.94032,0.85776,0.83584,0.8216,0.73136,0.62688,0.5224,0.41792,0.31344,0.20896,0.10448,0.10448,0.13992,0.20896,0.31344,0.32912,0.36952,0.41792,0.43648,0.466,0.5224,0.59536,0.62688,0.73136,0.75952,0.81752
1,1.14912,1.09112,1.04632,1.0448,0.96224,0.94032,0.92608,0.83584,0.73136,0.62688,0.5224,0.41792,0.31344,0.20896,0.10448,0.03544,0.10448,0.20896,0.22464,0.26504,0.31344,0.332,0.36152,0.41792,0.49088,0.5224,0.62688,0.65504,0.71304,0.73136
0,1.12656,1.08176,1.08024,0.99768,0.97576,0.96152,0.87128,0.7668,0.66232,0.55784,0.45336,0.34888,0.2444,0.13992,0.03544,0.06904,0.17352,0.1892,0.2296,0.278,0.29656,0.32608,0.38248,0.45544,0.48696,0.59144,0.6196,0.6776,0.69592,0.76192
1,1.1508,1.14928,1.06672,1.0448,1.03056,0.94032,0.83584,0.73136,0.62688,0.5224,0.41792,0.31344,0.20896,0.10448,0.06904,0.10448,0.12016,0.16056,0.20896,0.22752,0.25704,0.31344,0.3864,0.41792,0.5224,0.55056,0.60856,0.62688,0.69288,0.73136
1,1.25376,1.1712,1.14928,1.13504,1.0448,0.94032,0.83584,0.73136,0.62688,0.5224,0.41792,0.31344,0.20896,0.17352,0.10448,0.01568,0.05608,0.10448,0.12304,0.15256,0.20896,0.28192,0.31344,0.41792,0.44608,0.50408,0.5224,0.5884,0.62688,0.63296
0,1.18688,1.16496,1.15072,1.06048,0.956,0.85152,0.74704,0.64256,0.53808,0.4336,0.32912,0.22464,0.1892,0.12016,0.01568,0.0404,0.0888,0.10736,0.13688,0.19328,0.26624,0.29776,0.40224,0.4304,0.4884,0.50672,0.57272,0.6112,0.61728,0.6468
0,1.20536,1.19112,1.10088,0.9964,0.89192,0.78744,0.68296,0.57848,0.474,0.36952,0.26504,0.2296,0.16056,0.05608,0.0404,0.0484,0.06696,0.09648,0.15288,0.22584,0.25736,0.36184,0.39,0.448,0.46632,0.53232,0.5708,0.57688,0.6064,0.65488
1,1.23952,1.14928,1.0448,0.94032,0.83584,0.73136,0.62688,0.5224,0.41792,0.31344,0.278,0.20896,0.10448,0.0888,0.0484,0.01856,0.04808,0.10448,0.17744,0.20896,0.31344,0.3416,0.3996,0.41792,0.48392,0.5224,0.52848,0.558,0.60648,0.62688
2,1.16784,1.06336,0.95888,0.8544,0.74992,0.64544,0.54096,0.43648,0.332,0.29656,0.22752,0.12304,0.10736,0.06696,0.01856,0.02952,0.08592,0.15888,0.1904,0.29488,0.32304,0.38104,0.39936,0.46536,0.50384,0.50992,0.53944,0.58792,0.60832,0.6688
2,1.09288,0.9884,0.88392,0.77944,0.67496,0.57048,0.466,0.36152,0.32608,0.25704,0.15256,0.13688,0.09648,0.04808,0.02952,0.0564,0.12936,0.16088,0.26536,0.29352,0.35152,0.36984,0.43584,0.47432,0.4804,0.50992,0.5584,0.5788,0.63928,0.68328
1,1.0448,0.94032,0.83584,0.73136,0.62688,0.5224,0.41792,0.38248,0.31344,0.20896,0.19328,0.15288,0.10448,0.08592,0.0564,0.07296,0.10448,0.20896,0.23712,0.29512,0.31344,0.37944,0.41792,0.424,0.45352,0.502,0.5224,0.58288,0.62688,0.73136
2,1.01328,0.9088,0.80432,0.69984,0.59536,0.49088,0.45544,0.3864,0.28192,0.26624,0.22584,0.17744,0.15888,0.12936,0.07296,0.03152,0.136,0.16416,0.22216,0.24048,0.30648,0.34496,0.35104,0.38056,0.42904,0.44944,0.50992,0.55392,0.6584,0.67408
1,0.94032,0.83584,0.73136,0.62688,0.5224,0.48696,0.41792,0.31344,0.29776,0.25736,0.20896,0.1904,0.16088,0.10448,0.03152,0.10448,0.13264,0.19064,0.20896,0.27496,0.31344,0.31952,0.34904,0.39752,0.41792,0.4784,0.5224,0.62688,0.64256,0.70056
1,0.94032,0.83584,0.73136,0.62688,0.59144,0.5224,0.41792,0.40224,0.36184,0.31344,0.29488,0.26536,0.20896,0.136,0.10448,0.02816,0.08616,0.10448,0.17048,0.20896,0.21504,0.24456,0.29304,0.31344,0.37392,0.41792,0.5224,0.53808,0.59608,0.62688
2,0.864,0.75952,0.65504,0.6196,0.55056,0.44608,0.4304,0.39,0.3416,0.32304,0.29352,0.23712,0.16416,0.13264,0.02816,0.058,0.07632,0.14232,0.1808,0.18688,0.2164,0.26488,0.28528,0.34576,0.38976,0.49424,0.50992,0.56792,0.59872,0.63176
2,0.81752,0.71304,0.6776,0.60856,0.50408,0.4884,0.448,0.3996,0.38104,0.35152,0.29512,0.22216,0.19064,0.08616,0.058,0.01832,0.08432,0.1228,0.12888,0.1584,0.20688,0.22728,0.28776,0.33176,0.43624,0.45192,0.50992,0.54072,0.57376,0.6388
1,0.73136,0.69592,0.62688,0.5224,0.50672,0.46632,0.41792,0.39936,0.36984,0.31344,0.24048,0.20896,0.10448,0.07632,0.01832,0.066,0.10448,0.11056,0.14008,0.18856,0.20896,0.26944,0.31344,0.41792,0.4336,0.4916,0.5224,0.55544,0.62048,0.62688
0,0.76192,0.69288,0.5884,0.57272,0.53232,0.48392,0.46536,0.43584,0.37944,0.30648,0.27496,0.17048,0.14232,0.08432,0.066,0.03848,0.04456,0.07408,0.12256,0.14296,0.20344,0.24744,0.35192,0.3676,0.4256,0.4564,0.48944,0.55448,0.56088,0.584
1,0.73136,0.62688,0.6112,0.5708,0.5224,0.50384,0.47432,0.41792,0.34496,0.31344,0.20896,0.1808,0.1228,0.10448,0.03848,0.00608,0.0356,0.08408,0.10448,0.16496,0.20896,0.31344,0.32912,0.38712,0.41792,0.45096,0.516,0.5224,0.54552,0.62688
2,0.63296,0.61728,0.57688,0.52848,0.50992,0.4804,0.424,0.35104,0.31952,0.21504,0.18688,0.12888,0.11056,0.04456,0.00608,0.02952,0.078,0.0984,0.15888,0.20288,0.30736,0.32304,0.38104,0.41184,0.44488,0.50992,0.51632,0.53944,0.6208,0.6688
2,0.6468,0.6064,0.558,0.53944,0.50992,0.45352,0.38056,0.34904,0.24456,0.2164,0.1584,0.14008,0.07408,0.0356,0.02952,0.04848,0.06888,0.12936,0.17336,0.27784,0.29352,0.35152,0.38232,0.41536,0.4804,0.4868,0.50992,0.59128,0.63928,0.67768
0,0.65488,0.60648,0.58792,0.5584,0.502,0.42904,0.39752,0.29304,0.26488,0.20688,0.18856,0.12256,0.08408,0.078,0.04848,0.0204,0.08088,0.12488,0.22936,0.24504,0.30304,0.33384,0.36688,0.43192,0.43832,0.46144,0.5428,0.5908,0.6292,0.64728
1,0.62688,0.60832,0.5788,0.5224,0.44944,0.41792,0.31344,0.28528,0.22728,0.20896,0.14296,0.10448,0.0984,0.06888,0.0204,0.06048,0.10448,0.20896,0.22464,0.28264,0.31344,0.34648,0.41152,0.41792,0.44104,0.5224,0.5704,0.6088,0.62688,0.70688
2,0.6688,0.63928,0.58288,0.50992,0.4784,0.37392,0.34576,0.28776,0.26944,0.20344,0.16496,0.15888,0.12936,0.08088,0.06048,0.044,0.14848,0.16416,0.22216,0.25296,0.286,0.35104,0.35744,0.38056,0.46192,0.50992,0.54832,0.5664,0.6464,0.67088
1,0.68328,0.62688,0.55392,0.5224,0.41792,0.38976,0.33176,0.31344,0.24744,0.20896,0.20288,0.17336,0.12488,0.10448,0.044,0.10448,0.12016,0.17816,0.20896,0.242,0.30704,0.31344,0.33656,0.41792,0.46592,0.50432,0.5224,0.6024,0.62688,0.63008
1,0.73136,0.6584,0.62688,0.5224,0.49424,0.43624,0.41792,0.35192,0.31344,0.30736,0.27784,0.22936,0.20896,0.14848,0.10448,0.01568,0.07368,0.10448,0.13752,0.20256,0.20896,0.23208,0.31344,0.36144,0.39984,0.41792,0.49792,0.5224,0.5256,0.5836
2,0.67408,0.64256,0.53808,0.50992,0.45192,0.4336,0.3676,0.32912,0.32304,0.29352,0.24504,0.22464,0.16416,0.12016,0.01568,0.058,0.0888,0.12184,0.18688,0.19328,0.2164,0.29776,0.34576,0.38416,0.40224,0.48224,0.50672,0.50992,0.56792,0.5848
2,0.70056,0.59608,0.56792,0.50992,0.4916,0.4256,0.38712,0.38104,0.35152,0.30304,0.28264,0.22216,0.17816,0.07368,0.058,0.0308,0.06384,0.12888,0.13528,0.1584,0.23976,0.28776,0.32616,0.34424,0.42424,0.44872,0.45192,0.50992,0.5268,0.5532
1,0.62688,0.59872,0.54072,0.5224,0.4564,0.41792,0.41184,0.38232,0.33384,0.31344,0.25296,0.20896,0.10448,0.0888,0.0308,0.03304,0.09808,0.10448,0.1276,0.20896,0.25696,0.29536,0.31344,0.39344,0.41792,0.42112,0.47912,0.496,0.5224,0.608
0,0.63176,0.57376,0.55544,0.48944,0.45096,0.44488,0.41536,0.36688,0.34648,0.286,0.242,0.13752,0.12184,0.06384,0.03304,0.06504,0.07144,0.09456,0.17592,0.22392,0.26232,0.2804,0.3604,0.38488,0.38808,0.44608,0.46296,0.48936,0.57496,0.60448
2,0.6388,0.62048,0.55448,0.516,0.50992,0.4804,0.43192,0.41152,0.35104,0.30704,0.20256,0.18688,0.12888,0.09808,0.06504,0.0064,0.02952,0.11088,0.15888,0.19728,0.21536,0.29536,0.31984,0.32304,0.38104,0.39792,0.42432,0.50992,0.53944,0.71552
1,0.62688,0.56088,0.5224,0.51632,0.4868,0.43832,0.41792,0.35744,0.31344,0.20896,0.19328,0.13528,0.10448,0.07144,0.0064,0.02312,0.10448,0.15248,0.19088,0.20896,0.28896,0.31344,0.31664,0.37464,0.39152,0.41792,0.50352,0.53304,0.70912,0.77528
2,0.584,0.54552,0.53944,0.50992,0.46144,0.44104,0.38056,0.33656,0.23208,0.2164,0.1584,0.1276,0.09456,0.02952,0.02312,0.08136,0.12936,0.16776,0.18584,0.26584,0.29032,0.29352,0.35152,0.3684,0.3948,0.4804,0.50992,0.686,0.75216,0.7988
1,0.62688,0.6208,0.59128,0.5428,0.5224,0.46192,0.41792,0.31344,0.29776,0.23976,0.20896,0.17592,0.11088,0.10448,0.08136,0.048,0.0864,0.10448,0.18448,0.20896,0.21216,0.27016,0.28704,0.31344,0.39904,0.42856,0.60464,0.6708,0.71744,1.32872
2,0.6688,0.63928,0.5908,0.5704,0.50992,0.46592,0.36144,0.34576,0.28776,0.25696,0.22392,0.15888,0.15248,0.12936,0.048,0.0384,0.05648,0.13648,0.16096,0.16416,0.22216,0.23904,0.26544,0.35104,0.38056,0.55664,0.6228,0.66944,1.28072,1.73048
0,0.67768,0.6292,0.6088,0.54832,0.50432,0.39984,0.38416,0.32616,0.29536,0.26232,0.19728,0.19088,0.16776,0.0864,0.0384,0.01808,0.09808,0.12256,0.12576,0.18376,0.20064,0.22704,0.31264,0.34216,0.51824,0.5844,0.63104,1.24232,1.69208,1.78368
1,0.64728,0.62688,0.5664,0.5224,0.41792,0.40224,0.34424,0.31344,0.2804,0.21536,0.20896,0.18584,0.10448,0.05648,0.01808,0.08,0.10448,0.10768,0.16568,0.18256,0.20896,0.29456,0.32408,0.50016,0.56632,0.61296,1.22424,1.674,1.7656,1.9988
0,0.70688,0.6464,0.6024,0.49792,0.48224,0.42424,0.39344,0.3604,0.29536,0.28896,0.26584,0.18448,0.13648,0.09808,0.08,0.02448,0.02768,0.08568,0.10256,0.12896,0.21456,0.24408,0.42016,0.48632,0.53296,1.14424,1.594,1.6856,1.9188,2.27752
1,0.67088,0.62688,0.5224,0.50672,0.44872,0.41792,0.38488,0.31984,0.31344,0.29032,0.20896,0.16096,0.12256,0.10448,0.02448,0.0032,0.0612,0.07808,0.10448,0.19008,0.2196,0.39568,0.46184,0.50848,1.11976,1.56952,1.66112,1.89432,2.25304,2.28256
2,0.63008,0.5256,0.50992,0.45192,0.42112,0.38808,0.32304,0.31664,0.29352,0.21216,0.16416,0.12576,0.10768,0.02768,0.0032,0.058,0.07488,0.10128,0.18688,0.2164,0.39248,0.45864,0.50528,1.11656,1.56632,1.65792,1.89112,2.24984,2.27936,2.40872
2,0.5836,0.56792,0.50992,0.47912,0.44608,0.38104,0.37464,0.35152,0.27016,0.22216,0.18376,0.16568,0.08568,0.0612,0.058,0.01688,0.04328,0.12888,0.1584,0.33448,0.40064,0.44728,1.05856,1.50832,1.59992,1.83312,2.19184,2.22136,2.35072,2.51488
0,0.5848,0.5268,0.496,0.46296,0.39792,0.39152,0.3684,0.28704,0.23904,0.20064,0.18256,0.10256,0.07808,0.07488,0.01688,0.0264,0.112,0.14152,0.3176,0.38376,0.4304,1.04168,1.49144,1.58304,1.81624,2.17496,2.20448,2.33384,2.498,2.556
1,0.5532,0.5224,0.48936,0.42432,0.41792,0.3948,0.31344,0.26544,0.22704,0.20896,0.12896,0.10448,0.10128,0.04328,0.0264,0.0856,0.11512,0.2912,0.35736,0.404,1.01528,1.46504,1.55664,1.78984,2.14856,2.17808,2.30744,2.4716,2.5296,2.65848
2,0.608,0.57496,0.50992,0.50352,0.4804,0.39904,0.35104,0.31264,0.29456,0.21456,0.19008,0.18688,0.12888,0.112,0.0856,0.02952,0.2056,0.27176,0.3184,0.92968,1.37944,1.47104,1.70424,2.06296,2.09248,2.22184,2.386,2.444,2.57288,2.6024
2,0.60448,0.53944,0.53304,0.50992,0.42856,0.38056,0.34216,0.32408,0.24408,0.2196,0.2164,0.1584,0.14152,0.11512,0.02952,0.17608,0.24224,0.28888,0.90016,1.34992,1.44152,1.67472,2.03344,2.06296,2.19232,2.35648,2.41448,2.54336,2.57288,2.70224
0,0.71552,0.70912,0.686,0.60464,0.55664,0.51824,0.50016,0.42016,0.39568,0.39248,0.33448,0.3176,0.2912,0.2056,0.17608,0.06616,0.1128,0.72408,1.17384,1.26544,1.49864,1.85736,1.88688,2.01624,2.1804,2.2384,2.36728,2.3968,2.52616,2.69032
0,0.77528,0.75216,0.6708,0.6228,0.5844,0.56632,0.48632,0.46184,0.45864,0.40064,0.38376,0.35736,0.27176,0.24224,0.06616,0.04664,0.65792,1.10768,1.19928,1.43248,1.7912,1.82072,1.95008,2.11424,2.17224,2.30112,2.33064,2.46,2.62416,2.65544
0,0.7988,0.71744,0.66944,0.63104,0.61296,0.53296,0.50848,0.50528,0.44728,0.4304,0.404,0.3184,0.28888,0.1128,0.04664,0.61128,1.06104,1.15264,1.38584,1.74456,1.77408,1.90344,2.0676,2.1256,2.25448,2.284,2.41336,2.57752,2.6088,2.65856
0,1.32872,1.28072,1.24232,1.22424,1.14424,1.11976,1.11656,1.05856,1.04168,1.01528,0.92968,0.90016,0.72408,0.65792,0.61128,0.44976,0.54136,0.77456,1.13328,1.1628,1.29216,1.45632,1.51432,1.6432,1.67272,1.80208,1.96624,1.99752,2.04728,2.12144
0,1.73048,1.69208,1.674,1.594,1.56952,1.56632,1.50832,1.49144,1.46504,1.37944,1.34992,1.17384,1.10768,1.06104,0.44976,0.0916,0.3248,0.68352,0.71304,0.8424,1.00656,1.06456,1.19344,1.22296,1.35232,1.51648,1.54776,1.59752,1.67168,1.702
0,1.78368,1.7656,1.6856,1.66112,1.65792,1.59992,1.58304,1.55664,1.47104,1.44152,1.26544,1.19928,1.15264,0.54136,0.0916,0.2332,0.59192,0.62144,0.7508,0.91496,0.97296,1.10184,1.13136,1.26072,1.42488,1.45616,1.50592,1.58008,1.6104,1.71488
0,1.9988,1.9188,1.89432,1.89112,1.83312,1.81624,1.78984,1.70424,1.67472,1.49864,1.43248,1.38584,0.77456,0.3248,0.2332,0.35872,0.38824,0.5176,0.68176,0.73976,0.86864,0.89816,1.02752,1.19168,1.22296,1.27272,1.34688,1.3772,1.48168,1.58616
2,2.27752,2.25304,2.24984,2.19184,2.17496,2.14856,2.06296,2.03344,1.85736,1.7912,1.74456,1.13328,0.68352,0.59192,0.35872,0.02952,0.15888,0.32304,0.38104,0.50992,0.53944,0.6688,0.83296,0.86424,0.914,0.98816,1.01848,1.12296,1.22744,1.30728
2,2.28256,2.27936,2.22136,2.20448,2.17808,2.09248,2.06296,1.88688,1.82072,1.77408,1.1628,0.71304,0.62144,0.38824,0.02952,0.12936,0.29352,0.35152,0.4804,0.50992,0.63928,0.80344,0.83472,0.88448,0.95864,0.98896,1.09344,1.19792,1.27776,1.3024
2,2.40872,2.35072,2.33384,2.30744,2.22184,2.19232,2.01624,1.95008,1.90344,1.29216,0.8424,0.7508,0.5176,0.15888,0.12936,0.16416,0.22216,0.35104,0.38056,0.50992,0.67408,0.70536,0.75512,0.82928,0.8596,0.96408,1.06856,1.1484,1.17304,1.18608
2,2.51488,2.498,2.4716,2.386,2.35648,2.1804,2.11424,2.0676,1.45632,1.00656,0.91496,0.68176,0.32304,0.29352,0.16416,0.058,0.18688,0.2164,0.34576,0.50992,0.5412,0.59096,0.66512,0.69544,0.79992,0.9044,0.98424,1.00888,1.02192,1.11336
2,2.556,2.5296,2.444,2.41448,2.2384,2.17224,2.1256,1.51432,1.06456,0.97296,0.73976,0.38104,0.35152,0.22216,0.058,0.12888,0.1584,0.28776,0.45192,0.4832,0.53296,0.60712,0.63744,0.74192,0.8464,0.92624,0.95088,0.96392,1.05536,1.13864
2,2.65848,2.57288,2.54336,2.36728,2.30112,2.25448,1.6432,1.19344,1.10184,0.86864,0.50992,0.4804,0.35104,0.18688,0.12888,0.02952,0.15888,0.32304,0.35432,0.40408,0.47824,0.50856,0.61304,0.71752,0.79736,0.822,0.83504,0.92648,1.00976,1.03096
2,2.6024,2.57288,2.3968,2.33064,2.284,1.67272,1.22296,1.13136,0.89816,0.53944,0.50992,0.38056,0.2164,0.1584,0.02952,0.12936,0.29352,0.3248,0.37456,0.44872,0.47904,0.58352,0.688,0.76784,0.79248,0.80552,0.89696,0.98024,1.00144,1.10592
2,2.70224,2.52616,2.46,2.41336,1.80208,1.35232,1.26072,1.02752,0.6688,0.63928,0.50992,0.34576,0.28776,0.15888,0.12936,0.16416,0.19544,0.2452,0.31936,0.34968,0.45416,0.55864,0.63848,0.66312,0.67616,0.7676,0.85088,0.87208,0.97656,1.23568
2,2.69032,2.62416,2.57752,1.96624,1.51648,1.42488,1.19168,0.83296,0.80344,0.67408,0.50992,0.45192,0.32304,0.29352,0.16416,0.03128,0.08104,0.1552,0.18552,0.29,0.39448,0.47432,0.49896,0.512,0.60344,0.68672,0.70792,0.8124,1.07152,1.27752
0,2.65544,2.6088,1.99752,1.54776,1.45616,1.22296,0.86424,0.83472,0.70536,0.5412,0.4832,0.35432,0.3248,0.19544,0.03128,0.04976,0.12392,0.15424,0.25872,0.3632,0.44304,0.46768,0.48072,0.57216,0.65544,0.67664,0.78112,1.04024,1.24624,1.4052
1,2.65856,2.04728,1.59752,1.50592,1.27272,0.914,0.88448,0.75512,0.59096,0.53296,0.40408,0.37456,0.2452,0.08104,0.04976,0.07416,0.10448,0.20896,0.31344,0.39328,0.41792,0.43096,0.5224,0.60568,0.62688,0.73136,0.99048,1.19648,1.35544,1.93096
0,2.12144,1.67168,1.58008,1.34688,0.98816,0.95864,0.82928,0.66512,0.60712,0.47824,0.44872,0.31936,0.1552,0.12392,0.07416,0.03032,0.1348,0.23928,0.31912,0.34376,0.3568,0.44824,0.53152,0.55272,0.6572,0.91632,1.12232,1.28128,1.8568,1.88632
1,1.702,1.6104,1.3772,1.01848,0.98896,0.8596,0.69544,0.63744,0.50856,0.47904,0.34968,0.18552,0.15424,0.10448,0.03032,0.10448,0.20896,0.2888,0.31344,0.32648,0.41792,0.5012,0.5224,0.62688,0.886,1.092,1.25096,1.82648,1.856,1.98536
1,1.71488,1.48168,1.12296,1.09344,0.96408,0.79992,0.74192,0.61304,0.58352,0.45416,0.29,0.25872,0.20896,0.1348,0.10448,0.10448,0.18432,0.20896,0.222,0.31344,0.39672,0.41792,0.5224,0.78152,0.98752,1.14648,1.722,1.75152,1.88088,2.04504
1,1.58616,1.22744,1.19792,1.06856,0.9044,0.8464,0.71752,0.688,0.55864,0.39448,0.3632,0.31344,0.23928,0.20896,0.10448,0.07984,0.10448,0.11752,0.20896,0.29224,0.31344,0.41792,0.67704,0.88304,1.042,1.61752,1.64704,1.7764,1.94056,1.99856
0,1.30728,1.27776,1.1484,0.98424,0.92624,0.79736,0.76784,0.63848,0.47432,0.44304,0.39328,0.31912,0.2888,0.18432,0.07984,0.02464,0.03768,0.12912,0.2124,0.2336,0.33808,0.5972,0.8032,0.96216,1.53768,1.5672,1.69656,1.86072,1.91872,2.0476
1,1.3024,1.17304,1.00888,0.95088,0.822,0.79248,0.66312,0.49896,0.46768,0.41792,0.34376,0.31344,0.20896,0.10448,0.02464,0.01304,0.10448,0.18776,0.20896,0.31344,0.57256,0.77856,0.93752,1.51304,1.54256,1.67192,1.83608,1.89408,2.02296,2.05248
0,1.18608,1.02192,0.96392,0.83504,0.80552,0.67616,0.512,0.48072,0.43096,0.3568,0.32648,0.222,0.11752,0.03768,0.01304,0.09144,0.17472,0.19592,0.3004,0.55952,0.76552,0.92448,1.5,1.52952,1.65888,1.82304,1.88104,2.00992,2.03944,2.16568
1,1.11336,1.05536,0.92648,0.89696,0.7676,0.60344,0.57216,0.5224,0.44824,0.41792,0.31344,0.20896,0.12912,0.10448,0.09144,0.08328,0.10448,0.20896,0.46808,0.67408,0.83304,1.40856,1.43808,1.56744,1.7316,1.7896,1.91848,1.948,2.07424,2.07736
0,1.13864,1.00976,0.98024,0.85088,0.68672,0.65544,0.60568,0.53152,0.5012,0.39672,0.29224,0.2124,0.18776,0.17472,0.08328,0.0212,0.12568,0.3848,0.5908,0.74976,1.32528,1.3548,1.48416,1.64832,1.70632,1.8352,1.86472,1.99096,1.99408,2.06592
1,1.03096,1.00144,0.87208,0.70792,0.67664,0.62688,0.55272,0.5224,0.41792,0.31344,0.2336,0.20896,0.19592,0.10448,0.0212,0.10448,0.3636,0.5696,0.72856,1.30408,1.3336,1.46296,1.62712,1.68512,1.814,1.84352,1.96976,1.97288,2.04472,2.13704
1,1.10592,0.97656,0.8124,0.78112,0.73136,0.6572,0.62688,0.5224,0.41792,0.33808,0.31344,0.3004,0.20896,0.12568,0.10448,0.25912,0.46512,0.62408,1.1996,1.22912,1.35848,1.52264,1.58064,1.70952,1.73904,1.86528,1.8684,1.94024,2.03256,2.09056
0,1.23568,1.07152,1.04024,0.99048,0.91632,0.886,0.78152,0.67704,0.5972,0.57256,0.55952,0.46808,0.3848,0.3636,0.25912,0.206,0.36496,0.94048,0.97,1.09936,1.26352,1.32152,1.4504,1.47992,1.60616,1.60928,1.68112,1.77344,1.83144,1.96032
0,1.27752,1.24624,1.19648,1.12232,1.092,0.98752,0.88304,0.8032,0.77856,0.76552,0.67408,0.5908,0.5696,0.46512,0.206,0.15896,0.73448,0.764,0.89336,1.05752,1.11552,1.2444,1.27392,1.40016,1.40328,1.47512,1.56744,1.62544,1.75432,1.78384
0,1.4052,1.35544,1.28128,1.25096,1.14648,1.042,0.96216,0.93752,0.92448,0.83304,0.74976,0.72856,0.62408,0.36496,0.15896,0.57552,0.60504,0.7344,0.89856,0.95656,1.08544,1.11496,1.2412,1.24432,1.31616,1.40848,1.46648,1.59536,1.62488,1.75424
2,1.93096,1.8568,1.82648,1.722,1.61752,1.53768,1.51304,1.5,1.40856,1.32528,1.30408,1.1996,0.94048,0.73448,0.57552,0.02952,0.15888,0.32304,0.38104,0.50992,0.53944,0.66568,0.6688,0.74064,0.83296,0.89096,1.01984,1.04936,1.17872,1.42808
2,1.88632,1.856,1.75152,1.64704,1.5672,1.54256,1.52952,1.43808,1.3548,1.3336,1.22912,0.97,0.764,0.60504,0.02952,0.12936,0.29352,0.35152,0.4804,0.50992,0.63616,0.63928,0.71112,0.80344,0.86144,0.99032,1.01984,1.1492,1.39856,1.4644
2,1.98536,1.88088,1.7764,1.69656,1.67192,1.65888,1.56744,1.48416,1.46296,1.35848,1.09936,0.89336,0.7344,0.15888,0.12936,0.16416,0.22216,0.35104,0.38056,0.5068,0.50992,0.58176,0.67408,0.73208,0.86096,0.89048,1.01984,1.2692,1.33504,1.3416
2,2.04504,1.94056,1.86072,1.83608,1.82304,1.7316,1.64832,1.62712,1.52264,1.26352,1.05752,0.89856,0.32304,0.29352,0.16416,0.058,0.18688,0.2164,0.34264,0.34576,0.4176,0.50992,0.56792,0.6968,0.72632,0.85568,1.10504,1.17088,1.17744,1.338
2,1.99856,1.91872,1.89408,1.88104,1.7896,1.70632,1.68512,1.58064,1.32152,1.11552,0.95656,0.38104,0.35152,0.22216,0.058,0.12888,0.1584,0.28464,0.28776,0.3596,0.45192,0.50992,0.6388,0.66832,0.79768,1.04704,1.11288,1.11944,1.28,2.08856
2,2.0476,2.02296,2.00992,1.91848,1.8352,1.814,1.70952,1.4504,1.2444,1.08544,0.50992,0.4804,0.35104,0.18688,0.12888,0.02952,0.15576,0.15888,0.23072,0.32304,0.38104,0.50992,0.53944,0.6688,0.91816,0.984,0.99056,1.15112,1.95968,2.00304
2,2.05248,2.03944,1.948,1.86472,1.84352,1.73904,1.47992,1.27392,1.11496,0.53944,0.50992,0.38056,0.2164,0.1584,0.02952,0.12624,0.12936,0.2012,0.29352,0.35152,0.4804,0.50992,0.63928,0.88864,0.95448,0.96104,1.1216,1.93016,1.97352,1.99064
0,2.16568,2.07424,1.99096,1.96976,1.86528,1.60616,1.40016,1.2412,0.66568,0.63616,0.5068,0.34264,0.28464,0.15576,0.12624,0.00312,0.07496,0.16728,0.22528,0.35416,0.38368,0.51304,0.7624,0.82824,0.8348,0.99536,1.80392,1.84728,1.8644,1.8768
2,2.07736,1.99408,1.97288,1.8684,1.60928,1.40328,1.24432,0.6688,0.63928,0.50992,0.34576,0.28776,0.15888,0.12936,0.00312,0.07184,0.16416,0.22216,0.35104,0.38056,0.50992,0.75928,0.82512,0.83168,0.99224,1.8008,1.84416,1.86128,1.87368,2.00304
0,2.06592,2.04472,1.94024,1.68112,1.47512,1.31616,0.74064,0.71112,0.58176,0.4176,0.3596,0.23072,0.2012,0.07496,0.07184,0.09232,0.15032,0.2792,0.30872,0.43808,0.68744,0.75328,0.75984,0.9204,1.72896,1.77232,1.78944,1.80184,1.9312,2.09536
2,2.13704,2.03256,1.77344,1.56744,1.40848,0.83296,0.80344,0.67408,0.50992,0.45192,0.32304,0.29352,0.16728,0.16416,0.09232,0.058,0.18688,0.2164,0.34576,0.59512,0.66096,0.66752,0.82808,1.63664,1.68,1.69712,1.70952,1.83888,2.00304,2.06104
2,2.09056,1.83144,1.62544,1.46648,0.89096,0.86144,0.73208,0.56792,0.50992,0.38104,0.35152,0.22528,0.22216,0.15032,0.058,0.12888,0.1584,0.28776,0.53712,0.60296,0.60952,0.77008,1.57864,1.622,1.63912,1.65152,1.78088,1.94504,2.00304,2.01864
2,1.96032,1.75432,1.59536,1.01984,0.99032,0.86096,0.6968,0.6388,0.50992,0.4804,0.35416,0.35104,0.2792,0.18688,0.12888,0.02952,0.15888,0.40824,0.47408,0.48064,0.6412,1.44976,1.49312,1.51024,1.52264,1.652,1.81616,1.87416,1.88976,2.00304
2,1.78384,1.62488,1.04936,1.01984,0.89048,0.72632,0.66832,0.53944,0.50992,0.38368,0.38056,0.30872,0.2164,0.1584,0.02952,0.12936,0.37872,0.44456,0.45112,0.61168,1.42024,1.4636,1.48072,1.49312,1.62248,1.78664,1.84464,1.86024,1.97352,2.00304
2,1.75424,1.17872,1.1492,1.01984,0.85568,0.79768,0.6688,0.63928,0.51304,0.50992,0.43808,0.34576,0.28776,0.15888,0.12936,0.24936,0.3152,0.32176,0.48232,1.29088,1.33424,1.35136,1.36376,1.49312,1.65728,1.71528,1.73088,1.84416,1.87368,2.00304
0,1.42808,1.39856,1.2692,1.10504,1.04704,0.91816,0.88864,0.7624,0.75928,0.68744,0.59512,0.53712,0.40824,0.37872,0.24936,0.06584,0.0724,0.23296,1.04152,1.08488,1.102,1.1144,1.24376,1.40792,1.46592,1.48152,1.5948,1.62432,1.75368,1.79392
0,1.4644,1.33504,1.17088,1.11288,0.984,0.95448,0.82824,0.82512,0.75328,0.66096,0.60296,0.47408,0.44456,0.3152,0.06584,0.00656,0.16712,0.97568,1.01904,1.03616,1.04856,1.17792,1.34208,1.40008,1.41568,1.52896,1.55848,1.68784,1.72808,1.72864
0,1.3416,1.17744,1.11944,0.99056,0.96104,0.8348,0.83168,0.75984,0.66752,0.60952,0.48064,0.45112,0.32176,0.0724,0.00656,0.16056,0.96912,1.01248,1.0296,1.042,1.17136,1.33552,1.39352,1.40912,1.5224,1.55192,1.68128,1.72152,1.72208,1.81792
0,1.338,1.28,1.15112,1.1216,0.99536,0.99224,0.9204,0.82808,0.77008,0.6412,0.61168,0.48232,0.23296,0.16712,0.16056,0.80856,0.85192,0.86904,0.88144,1.0108,1.17496,1.23296,1.24856,1.36184,1.39136,1.52072,1.56096,1.56152,1.65736,1.68488
0,2.08856,1.95968,1.93016,1.80392,1.8008,1.72896,1.63664,1.57864,1.44976,1.42024,1.29088,1.04152,0.97568,0.96912,0.80856,0.04336,0.06048,0.07288,0.20224,0.3664,0.4244,0.44,0.55328,0.5828,0.71216,0.7524,0.75296,0.8488,0.87632,0.93432
2,2.00304,1.97352,1.84728,1.84416,1.77232,1.68,1.622,1.49312,1.4636,1.33424,1.08488,1.01904,1.01248,0.85192,0.04336,0.01712,0.02952,0.15888,0.32304,0.38104,0.39664,0.50992,0.53944,0.6688,0.70904,0.7096,0.80544,0.83296,0.89096,1.01984
0,1.99064,1.8644,1.86128,1.78944,1.69712,1.63912,1.51024,1.48072,1.35136,1.102,1.03616,1.0296,0.86904,0.06048,0.01712,0.0124,0.14176,0.30592,0.36392,0.37952,0.4928,0.52232,0.65168,0.69192,0.69248,0.78832,0.81584,0.87384,1.00272,1.02808
2,1.8768,1.87368,1.80184,1.70952,1.65152,1.52264,1.49312,1.36376,1.1144,1.04856,1.042,0.88144,0.07288,0.02952,0.0124,0.12936,0.29352,0.35152,0.36712,0.4804,0.50992,0.63928,0.67952,0.68008,0.77592,0.80344,0.86144,0.99032,1.01568,1.01984
2,2.00304,1.9312,1.83888,1.78088,1.652,1.62248,1.49312,1.24376,1.17792,1.17136,1.0108,0.20224,0.15888,0.14176,0.12936,0.16416,0.22216,0.23776,0.35104,0.38056,0.50992,0.55016,0.55072,0.64656,0.67408,0.73208,0.86096,0.88632,0.89048,1.01984
2,2.09536,2.00304,1.94504,1.81616,1.78664,1.65728,1.40792,1.34208,1.33552,1.17496,0.3664,0.32304,0.30592,0.29352,0.16416,0.058,0.0736,0.18688,0.2164,0.34576,0.386,0.38656,0.4824,0.50992,0.56792,0.6968,0.72216,0.72632,0.85568,1.17032
2,2.06104,2.00304,1.87416,1.84464,1.71528,1.46592,1.40008,1.39352,1.23296,0.4244,0.38104,0.36392,0.35152,0.22216,0.058,0.0156,0.12888,0.1584,0.28776,0.328,0.32856,0.4244,0.45192,0.50992,0.6388,0.66416,0.66832,0.79768,1.11232,1.26344
0,2.01864,1.88976,1.86024,1.73088,1.48152,1.41568,1.40912,1.24856,0.44,0.39664,0.37952,0.36712,0.23776,0.0736,0.0156,0.11328,0.1428,0.27216,0.3124,0.31296,0.4088,0.43632,0.49432,0.6232,0.64856,0.65272,0.78208,1.09672,1.24784,1.73928
2,2.00304,1.97352,1.84416,1.5948,1.52896,1.5224,1.36184,0.55328,0.50992,0.4928,0.4804,0.35104,0.18688,0.12888,0.11328,0.02952,0.15888,0.19912,0.19968,0.29552,0.32304,0.38104,0.50992,0.53528,0.53944,0.6688,0.98344,1.13456,1.626,0.0
2,2.00304,1.87368,1.62432,1.55848,1.55192,1.39136,0.5828,0.53944,0.52232,0.50992,0.38056,0.2164,0.1584,0.1428,0.02952,0.12936,0.1696,0.17016,0.266,0.29352,0.35152,0.4804,0.50576,0.50992,0.63928,0.95392,1.10504,1.59648,0.0,0.0
2,2.00304,1.75368,1.68784,1.68128,1.52072,0.71216,0.6688,0.65168,0.63928,0.50992,0.34576,0.28776,0.27216,0.15888,0.12936,0.04024,0.0408,0.13664,0.16416,0.22216,0.35104,0.3764,0.38056,0.50992,0.82456,0.97568,1.46712,0.0,0.0,0.0
0,1.79392,1.72808,1.72152,1.56096,0.7524,0.70904,0.69192,0.67952,0.55016,0.386,0.328,0.3124,0.19912,0.1696,0.04024,0.00056,0.0964,0.12392,0.18192,0.3108,0.33616,0.34032,0.46968,0.78432,0.93544,1.42688,0.0,0.0,0.0,0.0
0,1.72864,1.72208,1.56152,0.75296,0.7096,0.69248,0.68008,0.55072,0.38656,0.32856,0.31296,0.19968,0.17016,0.0408,0.00056,0.09584,0.12336,0.18136,0.31024,0.3356,0.33976,0.46912,0.78376,0.93488,1.42632,0.0,0.0,0.0,0.0,0.0
0,1.81792,1.65736,0.8488,0.80544,0.78832,0.77592,0.64656,0.4824,0.4244,0.4088,0.29552,0.266,0.13664,0.0964,0.09584,0.02752,0.08552,0.2144,0.23976,0.24392,0.37328,0.68792,0.83904,1.33048,0.0,0.0,0.0,0.0,0.0,0.0
2,1.68488,0.87632,0.83296,0.81584,0.80344,0.67408,0.50992,0.45192,0.43632,0.32304,0.29352,0.16416,0.12392,0.12336,0.02752,0.058,0.18688,0.21224,0.2164,0.34576,0.6604,0.81152,1.30296,0.0,0.0,0.0,0.0,0.0,0.0,0.0
2,0.93432,0.89096,0.87384,0.86144,0.73208,0.56792,0.50992,0.49432,0.38104,0.35152,0.22216,0.18192,0.18136,0.08552,0.058,0.12888,0.15424,0.1584,0.28776,0.6024,0.75352,1.24496,0.0,0.0,0.0,0.0,0.0,0.0,0.0,0.0
2,1.01984,1.00272,0.99032,0.86096,0.6968,0.6388,0.6232,0.50992,0.4804,0.35104,0.3108,0.31024,0.2144,0.18688,0.12888,0.02536,0.02952,0.15888,0.47352,0.62464,-2.64184,0.0,0.0,0.0,0.0,0.0,0.0,0.0,0.0,0.0
0,1.02808,1.01568,0.88632,0.72216,0.66416,0.64856,0.53528,0.50576,0.3764,0.33616,0.3356,0.23976,0.21224,0.15424,0.02536,0.00416,0.13352,0.44816,0.59928,1.09072,0.0,0.0,0.0,0.0,0.0,0.0,0.0,0.0,0.0,0.0
2,1.01984,0.89048,0.72632,0.66832,0.65272,0.53944,0.50992,0.38056,0.34032,0.33976,0.24392,0.2164,0.1584,0.02952,0.00416,0.12936,0.444,0.59512,1.08656,0.0,0.0,0.0,0.0,0.0,0.0,0.0,0.0,0.0,0.0,0.0
2,1.01984,0.85568,0.79768,0.78208,0.6688,0.63928,0.50992,0.46968,0.46912,0.37328,0.34576,0.28776,0.15888,0.13352,0.12936,0.31464,0.46576,0.9572,0.0,0.0,0.0,0.0,0.0,0.0,0.0,0.0,0.0,0.0,0.0,0.0
0,1.17032,1.11232,1.09672,0.98344,0.95392,0.82456,0.78432,0.78376,0.68792,0.6604,0.6024,0.47352,0.44816,0.444,0.31464,0.15112,0.64256,0.0,0.0,0.0,0.0,0.0,0.0,0.0,0.0,0.0,0.0,0.0,0.0,0.0
0,1.26344,1.24784,1.13456,1.10504,0.97568,0.93544,0.93488,0.83904,0.81152,0.75352,0.62464,0.59928,0.59512,0.46576,0.15112,0.49144,0.0,0.0,0.0,0.0,0.0,0.0,0.0,0.0,0.0,0.0,0.0,0.0,0.0,0.0
0,1.73928,1.626,1.59648,1.46712,1.42688,1.42632,1.33048,1.30296,1.24496,1.11608,1.09072,1.08656,0.9572,0.64256,0.49144,0.0,0.0,0.0,0.0,0.0,0.0,0.0,0.0,0.0,0.0,0.0,0.0,0.0,0.0,0.0
