0,0.0,0.0,0.0,0.0,0.0,0.0,0.0,0.0,0.0,0.0,0.0,0.0,0.0,0.0,0.0,0.17176,0.28016,1.55168,1.65456,1.78272,1.7964,1.80088,1.84056,1.96944,1.99,2.02432,2.10088,2.16928,2.18536,2.20304
0,0.0,0.0,0.0,0.0,0.0,0.0,0.0,0.0,0.0,0.0,0.0,0.0,0.0,0.0,0.17176,0.1084,1.37992,1.4828,1.61096,1.62464,1.62912,1.6688,1.79768,1.81824,1.85256,1.92912,1.99752,2.0136,2.03128,2.04592
0,0.0,0.0,0.0,0.0,0.0,0.0,0.0,0.0,0.0,0.0,0.0,0.0,0.0,0.28016,0.1084,1.27152,1.3744,1.50256,1.51624,1.52072,1.5604,1.68928,1.70984,1.74416,1.82072,1.88912,1.9052,1.92288,1.93752,1.94232
0,0.0,0.0,0.0,0.0,0.0,0.0,0.0,0.0,0.0,0.0,0.0,0.0,1.55168,1.37992,1.27152,0.10288,0.23104,0.24472,0.2492,0.28888,0.41776,0.43832,0.47264,0.5492,0.6176,0.63368,0.65136,0.666,0.6708,0.70392
2,0.0,0.0,0.0,0.0,0.0,0.0,0.0,0.0,0.0,0.0,0.0,1.65456,1.4828,1.3744,0.10288,0.12816,0.14184,0.14632,0.186,0.31488,0.33544,0.36976,0.44632,0.51472,0.5308,0.54848,0.56312,0.56792,0.60104,0.70232
0,0.0,0.0,0.0,0.0,0.0,0.0,0.0,0.0,0.0,0.0,1.78272,1.61096,1.50256,0.23104,0.12816,0.01368,0.01816,0.05784,0.18672,0.20728,0.2416,0.31816,0.40264,0.40264,0.42032,0.43496,0.43976,0.47288,0.57416,0.62328
3,0.0,0.0,0.0,0.0,0.0,0.0,0.0,0.0,0.0,1.7964,1.62464,1.51624,0.24472,0.14184,0.01368,0.00448,0.04416,0.17304,0.1936,0.22792,0.30448,0.37288,0.38896,0.40664,0.42128,0.42608,0.4592,0.56048,0.6096,0.64848
2,0.0,0.0,0.0,0.0,0.0,0.0,0.0,0.0,1.80088,1.62912,1.52072,0.2492,0.14632,0.01816,0.00448,0.03968,0.16856,0.18912,0.22344,0.3,0.3684,0.38448,0.40216,0.4168,0.4216,0.45472,0.556,0.60512,0.644,0.74992
2,0.0,0.0,0.0,0.0,0.0,0.0,0.0,1.84056,1.6688,1.5604,0.28888,0.186,0.05784,0.04416,0.03968,0.12888,0.14944,0.18376,0.26032,0.32872,0.3448,0.36248,0.37712,0.38192,0.41504,0.51632,0.56544,0.60432,0.71024,0.79792
2,0.0,0.0,0.0,0.0,0.0,0.0,1.96944,1.79768,1.68928,0.41776,0.31488,0.18672,0.17304,0.16856,0.12888,0.02056,0.05488,0.13144,0.19984,0.21592,0.2336,0.24824,0.25304,0.28616,0.38744,0.43656,0.47544,0.58136,0.66904,0.75816
3,0.0,0.0,0.0,0.0,0.0,1.99,1.81824,1.70984,0.43832,0.33544,0.20728,0.1936,0.18912,0.14944,0.02056,0.03432,0.11088,0.17928,0.19536,0.21304,0.22768,0.23248,0.2656,0.36688,0.416,0.45488,0.5608,0.64848,0.7376,0.7908
2,0.0,0.0,0.0,0.0,2.02432,1.85256,1.74416,0.47264,0.36976,0.2416,0.22792,0.22344,0.18376,0.05488,0.03432,0.07656,0.14496,0.16104,0.17872,0.19336,0.19816,0.23128,0.33256,0.38168,0.42056,0.52648,0.61416,0.70328,0.75648,0.80952
0,0.0,0.0,0.0,2.10088,1.92912,1.82072,0.5492,0.44632,0.31816,0.30448,0.3,0.26032,0.13144,0.11088,0.07656,0.0684,0.08448,0.10216,0.1168,0.1216,0.15472,0.256,0.30512,0.344,0.44992,0.5376,0.62672,0.67992,0.73296,0.75064
1,0.0,0.0,2.16928,1.99752,1.88912,0.6176,0.51472,0.38656,0.37288,0.3684,0.32872,0.19984,0.17928,0.14496,0.0684,0.01608,0.03376,0.0484,0.0532,0.08632,0.1876,0.23672,0.2756,0.38152,0.4692,0.55832,0.61152,0.66456,0.68224,0.7348
3,0.0,2.18536,2.0136,1.9052,0.63368,0.5308,0.40264,0.38896,0.38448,0.3448,0.21592,0.19536,0.16104,0.08448,0.01608,0.01768,0.03232,0.03712,0.07024,0.17152,0.22064,0.25952,0.36544,0.45312,0.54224,0.59544,0.64848,0.66616,0.71872,0.72984
3,2.20304,2.03128,1.92288,0.65136,0.54848,0.42032,0.40664,0.40216,0.36248,0.2336,0.21304,0.17872,0.10216,0.03376,0.01768,0.01464,0.01944,0.05256,0.15384,0.20296,0.24184,0.34776,0.43544,0.52456,0.57776,0.6308,0.64848,0.70104,0.71216,0.76128
2,2.04592,1.93752,0.666,0.56312,0.43496,0.42128,0.4168,0.37712,0.24824,0.22768,0.19336,0.1168,0.0484,0.03232,0.01464,0.0048,0.03792,0.1392,0.18832,0.2272,0.33312,0.4208,0.50992,0.56312,0.61616,0.63384,0.6864,0.69752,0.74664,0.87568
1,1.94232,0.6708,0.56792,0.43976,0.42608,0.4216,0.38192,0.25304,0.23248,0.19816,0.1216,0.0532,0.03712,0.01944,0.0048,0.03312,0.1344,0.18352,0.2224,0.32832,0.416,0.50512,0.55832,0.61136,0.62904,0.6816,0.69272,0.74184,0.87088,0.88664
3,0.70392,0.60104,0.47288,0.4592,0.45472,0.41504,0.28616,0.2656,0.23128,0.15472,0.08632,0.07024,0.05256,0.03792,0.03312,0.10128,0.1504,0.18928,0.2952,0.38288,0.472,0.5252,0.57824,0.59592,0.64848,0.6596,0.70872,0.83776,0.85352,1.03032
1,0.70232,0.57416,0.56048,0.556,0.51632,0.38744,0.36688,0.33256,0.256,0.1876,0.17152,0.15384,0.1392,0.1344,0.10128,0.04912,0.088,0.19392,0.2816,0.37072,0.42392,0.47696,0.49464,0.5472,0.55832,0.60744,0.73648,0.75224,0.92904,1.00864
1,0.62328,0.6096,0.60512,0.56544,0.43656,0.416,0.38168,0.30512,0.23672,0.22064,0.20296,0.18832,0.18352,0.1504,0.04912,0.03888,0.1448,0.23248,0.3216,0.3748,0.42784,0.44552,0.49808,0.5092,0.55832,0.68736,0.70312,0.87992,0.95952,1.4596
3,0.64848,0.644,0.60432,0.47544,0.45488,0.42056,0.344,0.2756,0.25952,0.24184,0.2272,0.2224,0.18928,0.088,0.03888,0.10592,0.1936,0.28272,0.33592,0.38896,0.40664,0.4592,0.47032,0.51944,0.64848,0.66424,0.84104,0.92064,1.42072,1.46136
1,0.74992,0.71024,0.58136,0.5608,0.52648,0.44992,0.38152,0.36544,0.34776,0.33312,0.32832,0.2952,0.19392,0.1448,0.10592,0.08768,0.1768,0.23,0.28304,0.30072,0.35328,0.3644,0.41352,0.54256,0.55832,0.73512,0.81472,1.3148,1.35544,1.50176
3,0.79792,0.66904,0.64848,0.61416,0.5376,0.4692,0.45312,0.43544,0.4208,0.416,0.38288,0.2816,0.23248,0.1936,0.08768,0.08912,0.14232,0.19536,0.21304,0.2656,0.27672,0.32584,0.45488,0.47064,0.64744,0.72704,1.22712,1.26776,1.41408,1.45376
1,0.75816,0.7376,0.70328,0.62672,0.55832,0.54224,0.52456,0.50992,0.50512,0.472,0.37072,0.3216,0.28272,0.1768,0.08912,0.0532,0.10624,0.12392,0.17648,0.1876,0.23672,0.36576,0.38152,0.55832,0.63792,1.138,1.17864,1.32496,1.36464,1.49352
1,0.7908,0.75648,0.67992,0.61152,0.59544,0.57776,0.56312,0.55832,0.5252,0.42392,0.3748,0.33592,0.23,0.14232,0.0532,0.05304,0.07072,0.12328,0.1344,0.18352,0.31256,0.32832,0.50512,0.58472,1.0848,1.12544,1.27176,1.31144,1.44032,1.4548
3,0.80952,0.73296,0.66456,0.64848,0.6308,0.61616,0.61136,0.57824,0.47696,0.42784,0.38896,0.28304,0.19536,0.10624,0.05304,0.01768,0.07024,0.08136,0.13048,0.25952,0.27528,0.45208,0.53168,1.03176,1.0724,1.21872,1.2584,1.38728,1.40176,1.44216
3,0.75064,0.68224,0.66616,0.64848,0.63384,0.62904,0.59592,0.49464,0.44552,0.40664,0.30072,0.21304,0.12392,0.07072,0.01768,0.05256,0.06368,0.1128,0.24184,0.2576,0.4344,0.514,1.01408,1.05472,1.20104,1.24072,1.3696,1.38408,1.42448,1.61784
3,0.7348,0.71872,0.70104,0.6864,0.6816,0.64848,0.5472,0.49808,0.4592,0.35328,0.2656,0.17648,0.12328,0.07024,0.05256,0.01112,0.06024,0.18928,0.20504,0.38184,0.46144,0.96152,1.00216,1.14848,1.18816,1.31704,1.33152,1.37192,1.56528,1.7116
1,0.72984,0.71216,0.69752,0.69272,0.6596,0.55832,0.5092,0.47032,0.3644,0.27672,0.1876,0.1344,0.08136,0.06368,0.01112,0.04912,0.17816,0.19392,0.37072,0.45032,0.9504,0.99104,1.13736,1.17704,1.30592,1.3204,1.3608,1.55416,1.70048,1.74016
1,0.76128,0.74664,0.74184,0.70872,0.60744,0.55832,0.51944,0.41352,0.32584,0.23672,0.18352,0.13048,0.1128,0.06024,0.04912,0.12904,0.1448,0.3216,0.4012,0.90128,0.94192,1.08824,1.12792,1.2568,1.27128,1.31168,1.50504,1.65136,1.69104,1.81992
3,0.87568,0.87088,0.83776,0.73648,0.68736,0.64848,0.54256,0.45488,0.36576,0.31256,0.25952,0.24184,0.18928,0.17816,0.12904,0.01576,0.19256,0.27216,0.77224,0.81288,0.9592,0.99888,1.12776,1.14224,1.18264,1.376,1.52232,1.562,1.69088,1.74144
1,0.88664,0.85352,0.75224,0.70312,0.66424,0.55832,0.47064,0.38152,0.32832,0.27528,0.2576,0.20504,0.19392,0.1448,0.01576,0.1768,0.2564,0.75648,0.79712,0.94344,0.98312,1.112,1.12648,1.16688,1.36024,1.50656,1.54624,1.67512,1.72568,1.73
1,1.03032,0.92904,0.87992,0.84104,0.73512,0.64744,0.55832,0.50512,0.45208,0.4344,0.38184,0.37072,0.3216,0.19256,0.1768,0.0796,0.57968,0.62032,0.76664,0.80632,0.9352,0.94968,0.99008,1.18344,1.32976,1.36944,1.49832,1.54888,1.5532,1.60208
0,1.00864,0.95952,0.92064,0.81472,0.72704,0.63792,0.58472,0.53168,0.514,0.46144,0.45032,0.4012,0.27216,0.2564,0.0796,0.50008,0.54072,0.68704,0.72672,0.8556,0.87008,0.91048,1.10384,1.25016,1.28984,1.41872,1.46928,1.4736,1.52248,1.65688
0,1.4596,1.42072,1.3148,1.22712,1.138,1.0848,1.03176,1.01408,0.96152,0.9504,0.90128,0.77224,0.75648,0.57968,0.50008,0.04064,0.18696,0.22664,0.35552,0.37,0.4104,0.60376,0.75008,0.78976,0.91864,0.9692,0.97352,1.0224,1.1568,1.16688
2,1.46136,1.35544,1.26776,1.17864,1.12544,1.0724,1.05472,1.00216,0.99104,0.94192,0.81288,0.79712,0.62032,0.54072,0.04064,0.14632,0.186,0.31488,0.32936,0.36976,0.56312,0.70944,0.74912,0.878,0.92856,0.93288,0.98176,1.11616,1.12624,1.16528
2,1.50176,1.41408,1.32496,1.27176,1.21872,1.20104,1.14848,1.13736,1.08824,0.9592,0.94344,0.76664,0.68704,0.18696,0.14632,0.03968,0.16856,0.18304,0.22344,0.4168,0.56312,0.6028,0.73168,0.78224,0.78656,0.83544,0.96984,0.97992,1.01896,1.10968
2,1.45376,1.36464,1.31144,1.2584,1.24072,1.18816,1.17704,1.12792,0.99888,0.98312,0.80632,0.72672,0.22664,0.186,0.03968,0.12888,0.14336,0.18376,0.37712,0.52344,0.56312,0.692,0.74256,0.74688,0.79576,0.93016,0.94024,0.97928,1.07,1.08656
2,1.49352,1.44032,1.38728,1.3696,1.31704,1.30592,1.2568,1.12776,1.112,0.9352,0.8556,0.35552,0.31488,0.16856,0.12888,0.01448,0.05488,0.24824,0.39456,0.43424,0.56312,0.61368,0.618,0.66688,0.80128,0.81136,0.8504,0.94112,0.95768,0.9952
0,1.4548,1.40176,1.38408,1.33152,1.3204,1.27128,1.14224,1.12648,0.94968,0.87008,0.37,0.32936,0.18304,0.14336,0.01448,0.0404,0.23376,0.38008,0.41976,0.54864,0.5992,0.60352,0.6524,0.7868,0.79688,0.83592,0.92664,0.9432,0.98072,0.98288
2,1.44216,1.42448,1.37192,1.3608,1.31168,1.18264,1.16688,0.99008,0.91048,0.4104,0.36976,0.22344,0.18376,0.05488,0.0404,0.19336,0.33968,0.37936,0.50824,0.5588,0.56312,0.612,0.7464,0.75648,0.79552,0.88624,0.9028,0.94032,0.94248,0.95384
2,1.61784,1.56528,1.55416,1.50504,1.376,1.36024,1.18344,1.10384,0.60376,0.56312,0.4168,0.37712,0.24824,0.23376,0.19336,0.14632,0.186,0.31488,0.36544,0.36976,0.41864,0.55304,0.56312,0.60216,0.69288,0.70944,0.74696,0.74912,0.76048,0.878
2,1.7116,1.70048,1.65136,1.52232,1.50656,1.32976,1.25016,0.75008,0.70944,0.56312,0.52344,0.39456,0.38008,0.33968,0.14632,0.03968,0.16856,0.21912,0.22344,0.27232,0.40672,0.4168,0.45584,0.54656,0.56312,0.60064,0.6028,0.61416,0.73168,0.76848
2,1.74016,1.69104,1.562,1.54624,1.36944,1.28984,0.78976,0.74912,0.6028,0.56312,0.43424,0.41976,0.37936,0.186,0.03968,0.12888,0.17944,0.18376,0.23264,0.36704,0.37712,0.41616,0.50688,0.52344,0.56096,0.56312,0.57448,0.692,0.7288,0.73776
2,1.81992,1.69088,1.67512,1.49832,1.41872,0.91864,0.878,0.73168,0.692,0.56312,0.54864,0.50824,0.31488,0.16856,0.12888,0.05056,0.05488,0.10376,0.23816,0.24824,0.28728,0.378,0.39456,0.43208,0.43424,0.4456,0.56312,0.59992,0.60888,0.618
1,1.74144,1.72568,1.54888,1.46928,0.9692,0.92856,0.78224,0.74256,0.61368,0.5992,0.5588,0.36544,0.21912,0.17944,0.05056,0.00432,0.0532,0.1876,0.19768,0.23672,0.32744,0.344,0.38152,0.38368,0.39504,0.51256,0.54936,0.55832,0.56744,0.58864
2,1.73,1.5532,1.4736,0.97352,0.93288,0.78656,0.74688,0.618,0.60352,0.56312,0.36976,0.22344,0.18376,0.05488,0.00432,0.04888,0.18328,0.19336,0.2324,0.32312,0.33968,0.3772,0.37936,0.39072,0.50824,0.54504,0.554,0.56312,0.58432,0.6072
1,1.60208,1.52248,1.0224,0.98176,0.83544,0.79576,0.66688,0.6524,0.612,0.41864,0.27232,0.23264,0.10376,0.0532,0.04888,0.1344,0.14448,0.18352,0.27424,0.2908,0.32832,0.33048,0.34184,0.45936,0.49616,0.50512,0.51424,0.53544,0.55832,0.69272
1,1.65688,1.1568,1.11616,0.96984,0.93016,0.80128,0.7868,0.7464,0.55304,0.40672,0.36704,0.23816,0.1876,0.18328,0.1344,0.01008,0.04912,0.13984,0.1564,0.19392,0.19608,0.20744,0.32496,0.36176,0.37072,0.37984,0.40104,0.42392,0.55832,0.5732
2,1.16688,1.12624,0.97992,0.94024,0.81136,0.79688,0.75648,0.56312,0.4168,0.37712,0.24824,0.19768,0.19336,0.14448,0.01008,0.03904,0.12976,0.14632,0.18384,0.186,0.19736,0.31488,0.35168,0.36064,0.36976,0.39096,0.41384,0.54824,0.56312,0.58632
1,1.16528,1.01896,0.97928,0.8504,0.83592,0.79552,0.60216,0.45584,0.41616,0.28728,0.23672,0.2324,0.18352,0.04912,0.03904,0.09072,0.10728,0.1448,0.14696,0.15832,0.27584,0.31264,0.3216,0.33072,0.35192,0.3748,0.5092,0.52408,0.54728,0.55832
0,1.10968,1.07,0.94112,0.92664,0.88624,0.69288,0.54656,0.50688,0.378,0.32744,0.32312,0.27424,0.13984,0.12976,0.09072,0.01656,0.05408,0.05624,0.0676,0.18512,0.22192,0.23088,0.24,0.2612,0.28408,0.41848,0.43336,0.45656,0.4676,0.47424
2,1.08656,0.95768,0.9432,0.9028,0.70944,0.56312,0.52344,0.39456,0.344,0.33968,0.2908,0.1564,0.14632,0.10728,0.01656,0.03752,0.03968,0.05104,0.16856,0.20536,0.21432,0.22344,0.24464,0.26752,0.40192,0.4168,0.44,0.45104,0.45768,0.47456
1,0.9952,0.98072,0.94032,0.74696,0.60064,0.56096,0.43208,0.38152,0.3772,0.32832,0.19392,0.18384,0.1448,0.05408,0.03752,0.00216,0.01352,0.13104,0.16784,0.1768,0.18592,0.20712,0.23,0.3644,0.37928,0.40248,0.41352,0.42016,0.43704,0.45776
2,0.98288,0.94248,0.74912,0.6028,0.56312,0.43424,0.38368,0.37936,0.33048,0.19608,0.186,0.14696,0.05624,0.03968,0.00216,0.01136,0.12888,0.16568,0.17464,0.18376,0.20496,0.22784,0.36224,0.37712,0.40032,0.41136,0.418,0.43488,0.4556,0.47056
3,0.95384,0.76048,0.61416,0.57448,0.4456,0.39504,0.39072,0.34184,0.20744,0.19736,0.15832,0.0676,0.05104,0.01352,0.01136,0.11752,0.15432,0.16328,0.1724,0.1936,0.21648,0.35088,0.36576,0.38896,0.4,0.40664,0.42352,0.44424,0.4592,0.5448
2,0.878,0.73168,0.692,0.56312,0.51256,0.50824,0.45936,0.32496,0.31488,0.27584,0.18512,0.16856,0.13104,0.12888,0.11752,0.0368,0.04576,0.05488,0.07608,0.09896,0.23336,0.24824,0.27144,0.28248,0.28912,0.306,0.32672,0.34168,0.42728,0.49344
0,0.76848,0.7288,0.59992,0.54936,0.54504,0.49616,0.36176,0.35168,0.31264,0.22192,0.20536,0.16784,0.16568,0.15432,0.0368,0.00896,0.01808,0.03928,0.06216,0.19656,0.21144,0.23464,0.24568,0.25232,0.2692,0.28992,0.30488,0.39048,0.45664,0.49416
1,0.73776,0.60888,0.55832,0.554,0.50512,0.37072,0.36064,0.3216,0.23088,0.21432,0.1768,0.17464,0.16328,0.04576,0.00896,0.00912,0.03032,0.0532,0.1876,0.20248,0.22568,0.23672,0.24336,0.26024,0.28096,0.29592,0.38152,0.44768,0.4852,0.55832
2,0.618,0.56744,0.56312,0.51424,0.37984,0.36976,0.33072,0.24,0.22344,0.18592,0.18376,0.1724,0.05488,0.01808,0.00912,0.0212,0.04408,0.17848,0.19336,0.21656,0.2276,0.23424,0.25112,0.27184,0.2868,0.3724,0.43856,0.47608,0.5492,0.66968
3,0.58864,0.58432,0.53544,0.40104,0.39096,0.35192,0.2612,0.24464,0.20712,0.20496,0.1936,0.07608,0.03928,0.03032,0.0212,0.02288,0.15728,0.17216,0.19536,0.2064,0.21304,0.22992,0.25064,0.2656,0.3512,0.41736,0.45488,0.528,0.64848,0.76568
1,0.6072,0.55832,0.42392,0.41384,0.3748,0.28408,0.26752,0.23,0.22784,0.21648,0.09896,0.06216,0.0532,0.04408,0.02288,0.1344,0.14928,0.17248,0.18352,0.19016,0.20704,0.22776,0.24272,0.32832,0.39448,0.432,0.50512,0.6256,0.7428,0.82096
1,0.69272,0.55832,0.54824,0.5092,0.41848,0.40192,0.3644,0.36224,0.35088,0.23336,0.19656,0.1876,0.17848,0.15728,0.1344,0.01488,0.03808,0.04912,0.05576,0.07264,0.09336,0.10832,0.19392,0.26008,0.2976,0.37072,0.4912,0.6084,0.68656,0.70424
2,0.5732,0.56312,0.52408,0.43336,0.4168,0.37928,0.37712,0.36576,0.24824,0.21144,0.20248,0.19336,0.17216,0.14928,0.01488,0.0232,0.03424,0.04088,0.05776,0.07848,0.09344,0.17904,0.2452,0.28272,0.35584,0.47632,0.59352,0.67168,0.68936,0.74192
3,0.58632,0.54728,0.45656,0.44,0.40248,0.40032,0.38896,0.27144,0.23464,0.22568,0.21656,0.19536,0.17248,0.03808,0.0232,0.01104,0.01768,0.03456,0.05528,0.07024,0.15584,0.222,0.25952,0.33264,0.45312,0.57032,0.64848,0.66616,0.71872,1.35944
1,0.55832,0.4676,0.45104,0.41352,0.41136,0.4,0.28248,0.24568,0.23672,0.2276,0.2064,0.18352,0.04912,0.03424,0.01104,0.00664,0.02352,0.04424,0.0592,0.1448,0.21096,0.24848,0.3216,0.44208,0.55928,0.63744,0.65512,0.70768,1.3484,1.49472
3,0.47424,0.45768,0.42016,0.418,0.40664,0.28912,0.25232,0.24336,0.23424,0.21304,0.19016,0.05576,0.04088,0.01768,0.00664,0.01688,0.0376,0.05256,0.13816,0.20432,0.24184,0.31496,0.43544,0.55264,0.6308,0.64848,0.70104,1.34176,1.48808,1.48952
0,0.47456,0.43704,0.43488,0.42352,0.306,0.2692,0.26024,0.25112,0.22992,0.20704,0.07264,0.05776,0.03456,0.02352,0.01688,0.02072,0.03568,0.12128,0.18744,0.22496,0.29808,0.41856,0.53576,0.61392,0.6316,0.68416,1.32488,1.4712,1.47264,1.51088
0,0.45776,0.4556,0.44424,0.32672,0.28992,0.28096,0.27184,0.25064,0.22776,0.09336,0.07848,0.05528,0.04424,0.0376,0.02072,0.01496,0.10056,0.16672,0.20424,0.27736,0.39784,0.51504,0.5932,0.61088,0.66344,1.30416,1.45048,1.45192,1.49016,1.61904
3,0.47056,0.4592,0.34168,0.30488,0.29592,0.2868,0.2656,0.24272,0.10832,0.09344,0.07024,0.0592,0.05256,0.03568,0.01496,0.0856,0.15176,0.18928,0.2624,0.38288,0.50008,0.57824,0.59592,0.64848,1.2892,1.43552,1.43696,1.4752,1.60408,1.65896
1,0.5448,0.42728,0.39048,0.38152,0.3724,0.3512,0.32832,0.19392,0.17904,0.15584,0.1448,0.13816,0.12128,0.10056,0.0856,0.06616,0.10368,0.1768,0.29728,0.41448,0.49264,0.51032,0.56288,1.2036,1.34992,1.35136,1.3896,1.51848,1.57336,1.646
0,0.49344,0.45664,0.44768,0.43856,0.41736,0.39448,0.26008,0.2452,0.222,0.21096,0.20432,0.18744,0.16672,0.15176,0.06616,0.03752,0.11064,0.23112,0.34832,0.42648,0.44416,0.49672,1.13744,1.28376,1.2852,1.32344,1.45232,1.5072,1.57984,1.70056
3,0.49416,0.4852,0.47608,0.45488,0.432,0.2976,0.28272,0.25952,0.24848,0.24184,0.22496,0.20424,0.18928,0.10368,0.03752,0.07312,0.1936,0.3108,0.38896,0.40664,0.4592,1.09992,1.24624,1.24768,1.28592,1.4148,1.46968,1.54232,1.66304,1.67144
1,0.55832,0.5492,0.528,0.50512,0.37072,0.35584,0.33264,0.3216,0.31496,0.29808,0.27736,0.2624,0.1768,0.11064,0.07312,0.12048,0.23768,0.31584,0.33352,0.38608,1.0268,1.17312,1.17456,1.2128,1.34168,1.39656,1.4692,1.58992,1.59832,1.73624
3,0.66968,0.64848,0.6256,0.4912,0.47632,0.45312,0.44208,0.43544,0.41856,0.39784,0.38288,0.29728,0.23112,0.1936,0.12048,0.1172,0.19536,0.21304,0.2656,0.90632,1.05264,1.05408,1.09232,1.2212,1.27608,1.34872,1.46944,1.47784,1.61576,1.65544
0,0.76568,0.7428,0.6084,0.59352,0.57032,0.55928,0.55264,0.53576,0.51504,0.50008,0.41448,0.34832,0.3108,0.23768,0.1172,0.07816,0.09584,0.1484,0.78912,0.93544,0.93688,0.97512,1.104,1.15888,1.23152,1.35224,1.36064,1.49856,1.53824,1.55424
3,0.82096,0.68656,0.67168,0.64848,0.63744,0.6308,0.61392,0.5932,0.57824,0.49264,0.42648,0.38896,0.31584,0.19536,0.07816,0.01768,0.07024,0.71096,0.85728,0.85872,0.89696,1.02584,1.08072,1.15336,1.27408,1.28248,1.4204,1.46008,1.47608,1.58896
3,0.70424,0.68936,0.66616,0.65512,0.64848,0.6316,0.61088,0.59592,0.51032,0.44416,0.40664,0.33352,0.21304,0.09584,0.01768,0.05256,0.69328,0.8396,0.84104,0.87928,1.00816,1.06304,1.13568,1.2564,1.2648,1.40272,1.4424,1.4584,1.57128,1.62616
3,0.74192,0.71872,0.70768,0.70104,0.68416,0.66344,0.64848,0.56288,0.49672,0.4592,0.38608,0.2656,0.1484,0.07024,0.05256,0.64072,0.78704,0.78848,0.82672,0.9556,1.01048,1.08312,1.20384,1.21224,1.35016,1.38984,1.40584,1.51872,1.5736,1.6012
2,1.35944,1.3484,1.34176,1.32488,1.30416,1.2892,1.2036,1.13744,1.09992,1.0268,0.90632,0.78912,0.71096,0.69328,0.64072,0.14632,0.14776,0.186,0.31488,0.36976,0.4424,0.56312,0.57152,0.70944,0.74912,0.76512,0.878,0.93288,0.96048,0.97816
2,1.49472,1.48808,1.4712,1.45048,1.43552,1.34992,1.28376,1.24624,1.17312,1.05264,0.93544,0.85728,0.8396,0.78704,0.14632,0.00144,0.03968,0.16856,0.22344,0.29608,0.4168,0.4252,0.56312,0.6028,0.6188,0.73168,0.78656,0.81416,0.83184,0.8844
0,1.48952,1.47264,1.45192,1.43696,1.35136,1.2852,1.24768,1.17456,1.05408,0.93688,0.85872,0.84104,0.78848,0.14776,0.00144,0.03824,0.16712,0.222,0.29464,0.41536,0.42376,0.56168,0.60136,0.61736,0.73024,0.78512,0.81272,0.8304,0.88296,0.90752
2,1.51088,1.49016,1.4752,1.3896,1.32344,1.28592,1.2128,1.09232,0.97512,0.89696,0.87928,0.82672,0.186,0.03968,0.03824,0.12888,0.18376,0.2564,0.37712,0.38552,0.52344,0.56312,0.57912,0.692,0.74688,0.77448,0.79216,0.84472,0.86928,0.89112
2,1.61904,1.60408,1.51848,1.45232,1.4148,1.34168,1.2212,1.104,1.02584,1.00816,0.9556,0.31488,0.16856,0.16712,0.12888,0.05488,0.12752,0.24824,0.25664,0.39456,0.43424,0.45024,0.56312,0.618,0.6456,0.66328,0.71584,0.7404,0.76224,0.7936
2,1.65896,1.57336,1.5072,1.46968,1.39656,1.27608,1.15888,1.08072,1.06304,1.01048,0.36976,0.22344,0.222,0.18376,0.05488,0.07264,0.19336,0.20176,0.33968,0.37936,0.39536,0.50824,0.56312,0.59072,0.6084,0.66096,0.68552,0.70736,0.73872,0.75648
0,1.646,1.57984,1.54232,1.4692,1.34872,1.23152,1.15336,1.13568,1.08312,0.4424,0.29608,0.29464,0.2564,0.12752,0.07264,0.12072,0.12912,0.26704,0.30672,0.32272,0.4356,0.49048,0.51808,0.53576,0.58832,0.61288,0.63472,0.66608,0.68384,0.7776
2,1.70056,1.66304,1.58992,1.46944,1.35224,1.27408,1.2564,1.20384,0.56312,0.4168,0.41536,0.37712,0.24824,0.19336,0.12072,0.0084,0.14632,0.186,0.202,0.31488,0.36976,0.39736,0.41504,0.4676,0.49216,0.514,0.54536,0.56312,0.65688,0.67976
3,1.67144,1.59832,1.47784,1.36064,1.28248,1.2648,1.21224,0.57152,0.4252,0.42376,0.38552,0.25664,0.20176,0.12912,0.0084,0.13792,0.1776,0.1936,0.30648,0.36136,0.38896,0.40664,0.4592,0.48376,0.5056,0.53696,0.55472,0.64848,0.67136,0.70104
2,1.73624,1.61576,1.49856,1.4204,1.40272,1.35016,0.70944,0.56312,0.56168,0.52344,0.39456,0.33968,0.26704,0.14632,0.13792,0.03968,0.05568,0.16856,0.22344,0.25104,0.26872,0.32128,0.34584,0.36768,0.39904,0.4168,0.51056,0.53344,0.56312,0.58256
2,1.65544,1.53824,1.46008,1.4424,1.38984,0.74912,0.6028,0.60136,0.56312,0.43424,0.37936,0.30672,0.186,0.1776,0.03968,0.016,0.12888,0.18376,0.21136,0.22904,0.2816,0.30616,0.328,0.35936,0.37712,0.47088,0.49376,0.52344,0.54288,0.56312
3,1.55424,1.47608,1.4584,1.40584,0.76512,0.6188,0.61736,0.57912,0.45024,0.39536,0.32272,0.202,0.1936,0.05568,0.016,0.11288,0.16776,0.19536,0.21304,0.2656,0.29016,0.312,0.34336,0.36112,0.45488,0.47776,0.50744,0.52688,0.54712,0.64848
2,1.58896,1.57128,1.51872,0.878,0.73168,0.73024,0.692,0.56312,0.50824,0.4356,0.31488,0.30648,0.16856,0.12888,0.11288,0.05488,0.08248,0.10016,0.15272,0.17728,0.19912,0.23048,0.24824,0.342,0.36488,0.39456,0.414,0.43424,0.5356,0.5588
2,1.62616,1.5736,0.93288,0.78656,0.78512,0.74688,0.618,0.56312,0.49048,0.36976,0.36136,0.22344,0.18376,0.16776,0.05488,0.0276,0.04528,0.09784,0.1224,0.14424,0.1756,0.19336,0.28712,0.31,0.33968,0.35912,0.37936,0.48072,0.50392,0.50824
3,1.6012,0.96048,0.81416,0.81272,0.77448,0.6456,0.59072,0.51808,0.39736,0.38896,0.25104,0.21136,0.19536,0.08248,0.0276,0.01768,0.07024,0.0948,0.11664,0.148,0.16576,0.25952,0.2824,0.31208,0.33152,0.35176,0.45312,0.47632,0.48064,0.53552
3,0.97816,0.83184,0.8304,0.79216,0.66328,0.6084,0.53576,0.41504,0.40664,0.26872,0.22904,0.21304,0.10016,0.04528,0.01768,0.05256,0.07712,0.09896,0.13032,0.14808,0.24184,0.26472,0.2944,0.31384,0.33408,0.43544,0.45864,0.46296,0.51784,0.52824
3,0.8844,0.88296,0.84472,0.71584,0.66096,0.58832,0.4676,0.4592,0.32128,0.2816,0.2656,0.15272,0.09784,0.07024,0.05256,0.02456,0.0464,0.07776,0.09552,0.18928,0.21216,0.24184,0.26128,0.28152,0.38288,0.40608,0.4104,0.46528,0.47568,0.57824
1,0.90752,0.86928,0.7404,0.68552,0.61288,0.49216,0.48376,0.34584,0.30616,0.29016,0.17728,0.1224,0.0948,0.07712,0.02456,0.02184,0.0532,0.07096,0.16472,0.1876,0.21728,0.23672,0.25696,0.35832,0.38152,0.38584,0.44072,0.45112,0.55368,0.55832
0,0.89112,0.76224,0.70736,0.63472,0.514,0.5056,0.36768,0.328,0.312,0.19912,0.14424,0.11664,0.09896,0.0464,0.02184,0.03136,0.04912,0.14288,0.16576,0.19544,0.21488,0.23512,0.33648,0.35968,0.364,0.41888,0.42928,0.53184,0.53648,0.54952
1,0.7936,0.73872,0.66608,0.54536,0.53696,0.39904,0.35936,0.34336,0.23048,0.1756,0.148,0.13032,0.07776,0.0532,0.03136,0.01776,0.11152,0.1344,0.16408,0.18352,0.20376,0.30512,0.32832,0.33264,0.38752,0.39792,0.50048,0.50512,0.51816,0.55832
2,0.75648,0.68384,0.56312,0.55472,0.4168,0.37712,0.36112,0.24824,0.19336,0.16576,0.14808,0.09552,0.07096,0.04912,0.01776,0.09376,0.11664,0.14632,0.16576,0.186,0.28736,0.31056,0.31488,0.36976,0.38016,0.48272,0.48736,0.5004,0.54056,0.55296
3,0.7776,0.65688,0.64848,0.51056,0.47088,0.45488,0.342,0.28712,0.25952,0.24184,0.18928,0.16472,0.14288,0.11152,0.09376,0.02288,0.05256,0.072,0.09224,0.1936,0.2168,0.22112,0.276,0.2864,0.38896,0.3936,0.40664,0.4468,0.4592,0.56592
1,0.67976,0.67136,0.53344,0.49376,0.47776,0.36488,0.31,0.2824,0.26472,0.21216,0.1876,0.16576,0.1344,0.11664,0.02288,0.02968,0.04912,0.06936,0.17072,0.19392,0.19824,0.25312,0.26352,0.36608,0.37072,0.38376,0.42392,0.43632,0.54304,0.55832
2,0.70104,0.56312,0.52344,0.50744,0.39456,0.33968,0.31208,0.2944,0.24184,0.21728,0.19544,0.16408,0.14632,0.05256,0.02968,0.01944,0.03968,0.14104,0.16424,0.16856,0.22344,0.23384,0.3364,0.34104,0.35408,0.39424,0.40664,0.51336,0.52864,0.57776
1,0.58256,0.54288,0.52688,0.414,0.35912,0.33152,0.31384,0.26128,0.23672,0.21488,0.18352,0.16576,0.072,0.04912,0.01944,0.02024,0.1216,0.1448,0.14912,0.204,0.2144,0.31696,0.3216,0.33464,0.3748,0.3872,0.49392,0.5092,0.55832,0.57648
2,0.56312,0.54712,0.43424,0.37936,0.35176,0.33408,0.28152,0.25696,0.23512,0.20376,0.186,0.09224,0.06936,0.03968,0.02024,0.10136,0.12456,0.12888,0.18376,0.19416,0.29672,0.30136,0.3144,0.35456,0.36696,0.47368,0.48896,0.53808,0.55624,0.58288
3,0.64848,0.5356,0.48072,0.45312,0.43544,0.38288,0.35832,0.33648,0.30512,0.28736,0.1936,0.17072,0.14104,0.1216,0.10136,0.0232,0.02752,0.0824,0.0928,0.19536,0.2,0.21304,0.2532,0.2656,0.37232,0.3876,0.43672,0.45488,0.48152,0.58152
1,0.5588,0.50392,0.47632,0.45864,0.40608,0.38152,0.35968,0.32832,0.31056,0.2168,0.19392,0.16424,0.1448,0.12456,0.0232,0.00432,0.0592,0.0696,0.17216,0.1768,0.18984,0.23,0.2424,0.34912,0.3644,0.41352,0.43168,0.45832,0.55832,0.62528
2,0.50824,0.48064,0.46296,0.4104,0.38584,0.364,0.33264,0.31488,0.22112,0.19824,0.16856,0.14912,0.12888,0.02752,0.00432,0.05488,0.06528,0.16784,0.17248,0.18552,0.22568,0.23808,0.3448,0.36008,0.4092,0.42736,0.454,0.554,0.62096,0.7308
2,0.53552,0.51784,0.46528,0.44072,0.41888,0.38752,0.36976,0.276,0.25312,0.22344,0.204,0.18376,0.0824,0.0592,0.05488,0.0104,0.11296,0.1176,0.13064,0.1708,0.1832,0.28992,0.3052,0.35432,0.37248,0.39912,0.49912,0.56608,0.67592,0.72912
0,0.52824,0.47568,0.45112,0.42928,0.39792,0.38016,0.2864,0.26352,0.23384,0.2144,0.19416,0.0928,0.0696,0.06528,0.0104,0.10256,0.1072,0.12024,0.1604,0.1728,0.27952,0.2948,0.34392,0.36208,0.38872,0.48872,0.55568,0.66552,0.71872,0.75104
3,0.57824,0.55368,0.53184,0.50048,0.48272,0.38896,0.36608,0.3364,0.31696,0.29672,0.19536,0.17216,0.16784,0.11296,0.10256,0.00464,0.01768,0.05784,0.07024,0.17696,0.19224,0.24136,0.25952,0.28616,0.38616,0.45312,0.56296,0.61616,0.64848,0.66616
1,0.55832,0.53648,0.50512,0.48736,0.3936,0.37072,0.34104,0.3216,0.30136,0.2,0.1768,0.17248,0.1176,0.1072,0.00464,0.01304,0.0532,0.0656,0.17232,0.1876,0.23672,0.25488,0.28152,0.38152,0.44848,0.55832,0.61152,0.64384,0.66152,0.71408
3,0.54952,0.51816,0.5004,0.40664,0.38376,0.35408,0.33464,0.3144,0.21304,0.18984,0.18552,0.13064,0.12024,0.01768,0.01304,0.04016,0.05256,0.15928,0.17456,0.22368,0.24184,0.26848,0.36848,0.43544,0.54528,0.59848,0.6308,0.64848,0.70104,0.73288
1,0.55832,0.54056,0.4468,0.42392,0.39424,0.3748,0.35456,0.2532,0.23,0.22568,0.1708,0.1604,0.05784,0.0532,0.04016,0.0124,0.11912,0.1344,0.18352,0.20168,0.22832,0.32832,0.39528,0.50512,0.55832,0.59064,0.60832,0.66088,0.69272,0.74184
3,0.55296,0.4592,0.43632,0.40664,0.3872,0.36696,0.2656,0.2424,0.23808,0.1832,0.1728,0.07024,0.0656,0.05256,0.0124,0.10672,0.122,0.17112,0.18928,0.21592,0.31592,0.38288,0.49272,0.54592,0.57824,0.59592,0.64848,0.68032,0.72944,0.85288
0,0.56592,0.54304,0.51336,0.49392,0.47368,0.37232,0.34912,0.3448,0.28992,0.27952,0.17696,0.17232,0.15928,0.11912,0.10672,0.01528,0.0644,0.08256,0.1092,0.2092,0.27616,0.386,0.4392,0.47152,0.4892,0.54176,0.5736,0.62272,0.74616,0.76752
1,0.55832,0.52864,0.5092,0.48896,0.3876,0.3644,0.36008,0.3052,0.2948,0.19224,0.1876,0.17456,0.1344,0.122,0.01528,0.04912,0.06728,0.09392,0.19392,0.26088,0.37072,0.42392,0.45624,0.47392,0.52648,0.55832,0.60744,0.73088,0.75224,0.8352
1,0.57776,0.55832,0.53808,0.43672,0.41352,0.4092,0.35432,0.34392,0.24136,0.23672,0.22368,0.18352,0.17112,0.0644,0.04912,0.01816,0.0448,0.1448,0.21176,0.3216,0.3748,0.40712,0.4248,0.47736,0.5092,0.55832,0.68176,0.70312,0.78608,0.87992
3,0.57648,0.55624,0.45488,0.43168,0.42736,0.37248,0.36208,0.25952,0.25488,0.24184,0.20168,0.18928,0.08256,0.06728,0.01816,0.02664,0.12664,0.1936,0.30344,0.35664,0.38896,0.40664,0.4592,0.49104,0.54016,0.6636,0.68496,0.76792,0.86176,0.91496
0,0.58288,0.48152,0.45832,0.454,0.39912,0.38872,0.28616,0.28152,0.26848,0.22832,0.21592,0.1092,0.09392,0.0448,0.02664,0.1,0.16696,0.2768,0.33,0.36232,0.38,0.43256,0.4644,0.51352,0.63696,0.65832,0.74128,0.83512,0.88832,0.894
1,0.58152,0.55832,0.554,0.49912,0.48872,0.38616,0.38152,0.36848,0.32832,0.31592,0.2092,0.19392,0.1448,0.12664,0.1,0.06696,0.1768,0.23,0.26232,0.28,0.33256,0.3644,0.41352,0.53696,0.55832,0.64128,0.73512,0.78832,0.794,0.92272
3,0.62528,0.62096,0.56608,0.55568,0.45312,0.44848,0.43544,0.39528,0.38288,0.27616,0.26088,0.21176,0.1936,0.16696,0.06696,0.10984,0.16304,0.19536,0.21304,0.2656,0.29744,0.34656,0.47,0.49136,0.57432,0.66816,0.72136,0.72704,0.85576,0.87336
1,0.7308,0.67592,0.66552,0.56296,0.55832,0.54528,0.50512,0.49272,0.386,0.37072,0.3216,0.30344,0.2768,0.1768,0.10984,0.0532,0.08552,0.1032,0.15576,0.1876,0.23672,0.36016,0.38152,0.46448,0.55832,0.61152,0.6172,0.74592,0.76352,0.79504
1,0.72912,0.71872,0.61616,0.61152,0.59848,0.55832,0.54592,0.4392,0.42392,0.3748,0.35664,0.33,0.23,0.16304,0.0532,0.03232,0.05,0.10256,0.1344,0.18352,0.30696,0.32832,0.41128,0.50512,0.55832,0.564,0.69272,0.71032,0.74184,0.75
3,0.75104,0.64848,0.64384,0.6308,0.59064,0.57824,0.47152,0.45624,0.40712,0.38896,0.36232,0.26232,0.19536,0.08552,0.03232,0.01768,0.07024,0.10208,0.1512,0.27464,0.296,0.37896,0.4728,0.526,0.53168,0.6604,0.678,0.70952,0.71768,0.84656
3,0.66616,0.66152,0.64848,0.60832,0.59592,0.4892,0.47392,0.4248,0.40664,0.38,0.28,0.21304,0.1032,0.05,0.01768,0.05256,0.0844,0.13352,0.25696,0.27832,0.36128,0.45512,0.50832,0.514,0.64272,0.66032,0.69184,0.7,0.82888,0.87376
3,0.71408,0.70104,0.66088,0.64848,0.54176,0.52648,0.47736,0.4592,0.43256,0.33256,0.2656,0.15576,0.10256,0.07024,0.05256,0.03184,0.08096,0.2044,0.22576,0.30872,0.40256,0.45576,0.46144,0.59016,0.60776,0.63928,0.64744,0.77632,0.8212,0.8312
1,0.73288,0.69272,0.68032,0.5736,0.55832,0.5092,0.49104,0.4644,0.3644,0.29744,0.1876,0.1344,0.10208,0.0844,0.03184,0.04912,0.17256,0.19392,0.27688,0.37072,0.42392,0.4296,0.55832,0.57592,0.60744,0.6156,0.74448,0.78936,0.79936,0.84696
1,0.74184,0.72944,0.62272,0.60744,0.55832,0.54016,0.51352,0.41352,0.34656,0.23672,0.18352,0.1512,0.13352,0.08096,0.04912,0.12344,0.1448,0.22776,0.3216,0.3748,0.38048,0.5092,0.5268,0.55832,0.56648,0.69536,0.74024,0.75024,0.79784,0.9436
0,0.85288,0.74616,0.73088,0.68176,0.6636,0.63696,0.53696,0.47,0.36016,0.30696,0.27464,0.25696,0.2044,0.17256,0.12344,0.02136,0.10432,0.19816,0.25136,0.25704,0.38576,0.40336,0.43488,0.44304,0.57192,0.6168,0.6268,0.6744,0.82016,0.96648
1,0.76752,0.75224,0.70312,0.68496,0.65832,0.55832,0.49136,0.38152,0.32832,0.296,0.27832,0.22576,0.19392,0.1448,0.02136,0.08296,0.1768,0.23,0.23568,0.3644,0.382,0.41352,0.42168,0.55056,0.59544,0.60544,0.65304,0.7988,0.94512,0.9848
0,0.8352,0.78608,0.76792,0.74128,0.64128,0.57432,0.46448,0.41128,0.37896,0.36128,0.30872,0.27688,0.22776,0.10432,0.08296,0.09384,0.14704,0.15272,0.28144,0.29904,0.33056,0.33872,0.4676,0.51248,0.52248,0.57008,0.71584,0.86216,0.90184,1.03072
1,0.87992,0.86176,0.83512,0.73512,0.66816,0.55832,0.50512,0.4728,0.45512,0.40256,0.37072,0.3216,0.19816,0.1768,0.09384,0.0532,0.05888,0.1876,0.2052,0.23672,0.24488,0.37376,0.41864,0.42864,0.47624,0.622,0.76832,0.808,0.93688,0.9816
1,0.91496,0.88832,0.78832,0.72136,0.61152,0.55832,0.526,0.50832,0.45576,0.42392,0.3748,0.25136,0.23,0.14704,0.0532,0.00568,0.1344,0.152,0.18352,0.19168,0.32056,0.36544,0.37544,0.42304,0.5688,0.71512,0.7548,0.88368,0.9284,0.93856
2,0.894,0.794,0.72704,0.6172,0.564,0.53168,0.514,0.46144,0.4296,0.38048,0.25704,0.23568,0.15272,0.05888,0.00568,0.12872,0.14632,0.17784,0.186,0.31488,0.35976,0.36976,0.41736,0.56312,0.70944,0.74912,0.878,0.92272,0.93288,1.03496
1,0.92272,0.85576,0.74592,0.69272,0.6604,0.64272,0.59016,0.55832,0.5092,0.38576,0.3644,0.28144,0.1876,0.1344,0.12872,0.0176,0.04912,0.05728,0.18616,0.23104,0.24104,0.28864,0.4344,0.58072,0.6204,0.74928,0.794,0.80416,0.90624,0.93224
2,0.87336,0.76352,0.71032,0.678,0.66032,0.60776,0.57592,0.5268,0.40336,0.382,0.29904,0.2052,0.152,0.14632,0.0176,0.03152,0.03968,0.16856,0.21344,0.22344,0.27104,0.4168,0.56312,0.6028,0.73168,0.7764,0.78656,0.88864,0.91464,0.97992
1,0.79504,0.74184,0.70952,0.69184,0.63928,0.60744,0.55832,0.43488,0.41352,0.33056,0.23672,0.18352,0.17784,0.04912,0.03152,0.00816,0.13704,0.18192,0.19192,0.23952,0.38528,0.5316,0.57128,0.70016,0.74488,0.75504,0.85712,0.88312,0.9484,1.05744
2,0.75,0.71768,0.7,0.64744,0.6156,0.56648,0.44304,0.42168,0.33872,0.24488,0.19168,0.186,0.05728,0.03968,0.00816,0.12888,0.17376,0.18376,0.23136,0.37712,0.52344,0.56312,0.692,0.73672,0.74688,0.84896,0.87496,0.94024,1.04928,1.08656
2,0.84656,0.82888,0.77632,0.74448,0.69536,0.57192,0.55056,0.4676,0.37376,0.32056,0.31488,0.18616,0.16856,0.13704,0.12888,0.04488,0.05488,0.10248,0.24824,0.39456,0.43424,0.56312,0.60784,0.618,0.72008,0.74608,0.81136,0.9204,0.95768,0.99736
0,0.87376,0.8212,0.78936,0.74024,0.6168,0.59544,0.51248,0.41864,0.36544,0.35976,0.23104,0.21344,0.18192,0.17376,0.04488,0.01,0.0576,0.20336,0.34968,0.38936,0.51824,0.56296,0.57312,0.6752,0.7012,0.76648,0.87552,0.9128,0.95248,1.08136
2,0.8312,0.79936,0.75024,0.6268,0.60544,0.52248,0.42864,0.37544,0.36976,0.24104,0.22344,0.19192,0.18376,0.05488,0.01,0.0476,0.19336,0.33968,0.37936,0.50824,0.55296,0.56312,0.6652,0.6912,0.75648,0.86552,0.9028,0.94248,1.07136,1.09656
0,0.84696,0.79784,0.6744,0.65304,0.57008,0.47624,0.42304,0.41736,0.28864,0.27104,0.23952,0.23136,0.10248,0.0576,0.0476,0.14576,0.29208,0.33176,0.46064,0.50536,0.51552,0.6176,0.6436,0.70888,0.81792,0.8552,0.89488,1.02376,1.04896,1.07864
2,0.9436,0.82016,0.7988,0.71584,0.622,0.5688,0.56312,0.4344,0.4168,0.38528,0.37712,0.24824,0.20336,0.19336,0.14576,0.14632,0.186,0.31488,0.3596,0.36976,0.47184,0.49784,0.56312,0.67216,0.70944,0.74912,0.878,0.9032,0.93288,0.99056
2,0.96648,0.94512,0.86216,0.76832,0.71512,0.70944,0.58072,0.56312,0.5316,0.52344,0.39456,0.34968,0.33968,0.29208,0.14632,0.03968,0.16856,0.21328,0.22344,0.32552,0.35152,0.4168,0.52584,0.56312,0.6028,0.73168,0.75688,0.78656,0.84424,0.89744
2,0.9848,0.90184,0.808,0.7548,0.74912,0.6204,0.6028,0.57128,0.56312,0.43424,0.38936,0.37936,0.33176,0.186,0.03968,0.12888,0.1736,0.18376,0.28584,0.31184,0.37712,0.48616,0.52344,0.56312,0.692,0.7172,0.74688,0.80456,0.85776,0.9108
2,1.03072,0.93688,0.88368,0.878,0.74928,0.73168,0.70016,0.692,0.56312,0.51824,0.50824,0.46064,0.31488,0.16856,0.12888,0.04472,0.05488,0.15696,0.18296,0.24824,0.35728,0.39456,0.43424,0.56312,0.58832,0.618,0.67568,0.72888,0.78192,0.84504
0,0.9816,0.9284,0.92272,0.794,0.7764,0.74488,0.73672,0.60784,0.56296,0.55296,0.50536,0.3596,0.21328,0.1736,0.04472,0.01016,0.11224,0.13824,0.20352,0.31256,0.34984,0.38952,0.5184,0.5436,0.57328,0.63096,0.68416,0.7372,0.80032,0.81856
2,0.93856,0.93288,0.80416,0.78656,0.75504,0.74688,0.618,0.57312,0.56312,0.51552,0.36976,0.22344,0.18376,0.05488,0.01016,0.10208,0.12808,0.19336,0.3024,0.33968,0.37936,0.50824,0.53344,0.56312,0.6208,0.674,0.72704,0.79016,0.8084,0.85752
0,1.03496,0.90624,0.88864,0.85712,0.84896,0.72008,0.6752,0.6652,0.6176,0.47184,0.32552,0.28584,0.15696,0.11224,0.10208,0.026,0.09128,0.20032,0.2376,0.27728,0.40616,0.43136,0.46104,0.51872,0.57192,0.62496,0.68808,0.70632,0.75544,0.82032
0,0.93224,0.91464,0.88312,0.87496,0.74608,0.7012,0.6912,0.6436,0.49784,0.35152,0.31184,0.18296,0.13824,0.12808,0.026,0.06528,0.17432,0.2116,0.25128,0.38016,0.40536,0.43504,0.49272,0.54592,0.59896,0.66208,0.68032,0.72944,0.79432,0.812
2,0.97992,0.9484,0.94024,0.81136,0.76648,0.75648,0.70888,0.56312,0.4168,0.37712,0.24824,0.20352,0.19336,0.09128,0.06528,0.10904,0.14632,0.186,0.31488,0.34008,0.36976,0.42744,0.48064,0.53368,0.5968,0.61504,0.66416,0.72904,0.74672,0.79928
0,1.05744,1.04928,0.9204,0.87552,0.86552,0.81792,0.67216,0.52584,0.48616,0.35728,0.31256,0.3024,0.20032,0.17432,0.10904,0.03728,0.07696,0.20584,0.23104,0.26072,0.3184,0.3716,0.42464,0.48776,0.506,0.55512,0.62,0.63768,0.69024,0.69992
2,1.08656,0.95768,0.9128,0.9028,0.8552,0.70944,0.56312,0.52344,0.39456,0.34984,0.33968,0.2376,0.2116,0.14632,0.03728,0.03968,0.16856,0.19376,0.22344,0.28112,0.33432,0.38736,0.45048,0.46872,0.51784,0.58272,0.6004,0.65296,0.66264,0.73144
2,0.99736,0.95248,0.94248,0.89488,0.74912,0.6028,0.56312,0.43424,0.38952,0.37936,0.27728,0.25128,0.186,0.07696,0.03968,0.12888,0.15408,0.18376,0.24144,0.29464,0.34768,0.4108,0.42904,0.47816,0.54304,0.56072,0.61328,0.62296,0.69176,0.79976
2,1.08136,1.07136,1.02376,0.878,0.73168,0.692,0.56312,0.5184,0.50824,0.40616,0.38016,0.31488,0.20584,0.16856,0.12888,0.0252,0.05488,0.11256,0.16576,0.2188,0.28192,0.30016,0.34928,0.41416,0.43184,0.4844,0.49408,0.56288,0.67088,0.67368
3,1.09656,1.04896,0.9032,0.75688,0.7172,0.58832,0.5436,0.53344,0.43136,0.40536,0.34008,0.23104,0.19376,0.15408,0.0252,0.02968,0.08736,0.14056,0.1936,0.25672,0.27496,0.32408,0.38896,0.40664,0.4592,0.46888,0.53768,0.64568,0.64848,0.84208
2,1.07864,0.93288,0.78656,0.74688,0.618,0.57328,0.56312,0.46104,0.43504,0.36976,0.26072,0.22344,0.18376,0.05488,0.02968,0.05768,0.11088,0.16392,0.22704,0.24528,0.2944,0.35928,0.37696,0.42952,0.4392,0.508,0.616,0.6188,0.8124,0.92424
1,0.99056,0.84424,0.80456,0.67568,0.63096,0.6208,0.51872,0.49272,0.42744,0.3184,0.28112,0.24144,0.11256,0.08736,0.05768,0.0532,0.10624,0.16936,0.1876,0.23672,0.3016,0.31928,0.37184,0.38152,0.45032,0.55832,0.56112,0.75472,0.86656,0.94992
1,0.89744,0.85776,0.72888,0.68416,0.674,0.57192,0.54592,0.48064,0.3716,0.33432,0.29464,0.16576,0.14056,0.11088,0.0532,0.05304,0.11616,0.1344,0.18352,0.2484,0.26608,0.31864,0.32832,0.39712,0.50512,0.50792,0.70152,0.81336,0.89672,1.05872
3,0.9108,0.78192,0.7372,0.72704,0.62496,0.59896,0.53368,0.42464,0.38736,0.34768,0.2188,0.1936,0.16392,0.10624,0.05304,0.06312,0.08136,0.13048,0.19536,0.21304,0.2656,0.27528,0.34408,0.45208,0.45488,0.64848,0.76032,0.84368,1.00568,1.68056
0,0.84504,0.80032,0.79016,0.68808,0.66208,0.5968,0.48776,0.45048,0.4108,0.28192,0.25672,0.22704,0.16936,0.11616,0.06312,0.01824,0.06736,0.13224,0.14992,0.20248,0.21216,0.28096,0.38896,0.39176,0.58536,0.6972,0.78056,0.94256,1.61744,2.0628
1,0.81856,0.8084,0.70632,0.68032,0.61504,0.506,0.46872,0.42904,0.30016,0.27496,0.24528,0.1876,0.1344,0.08136,0.01824,0.04912,0.114,0.13168,0.18424,0.19392,0.26272,0.37072,0.37352,0.56712,0.67896,0.76232,0.92432,1.5992,2.04456,2.1536
1,0.85752,0.75544,0.72944,0.66416,0.55512,0.51784,0.47816,0.34928,0.32408,0.2944,0.23672,0.18352,0.13048,0.06736,0.04912,0.06488,0.08256,0.13512,0.1448,0.2136,0.3216,0.3244,0.518,0.62984,0.7132,0.8752,1.55008,1.99544,2.10448,2.18904
3,0.82032,0.79432,0.72904,0.62,0.58272,0.54304,0.41416,0.38896,0.35928,0.3016,0.2484,0.19536,0.13224,0.114,0.06488,0.01768,0.07024,0.07992,0.14872,0.25672,0.25952,0.45312,0.56496,0.64832,0.81032,1.4852,1.93056,2.0396,2.12416,2.18592
3,0.812,0.74672,0.63768,0.6004,0.56072,0.43184,0.40664,0.37696,0.31928,0.26608,0.21304,0.14992,0.13168,0.08256,0.01768,0.05256,0.06224,0.13104,0.23904,0.24184,0.43544,0.54728,0.63064,0.79264,1.46752,1.91288,2.02192,2.10648,2.16824,2.20792
3,0.79928,0.69024,0.65296,0.61328,0.4844,0.4592,0.42952,0.37184,0.31864,0.2656,0.20248,0.18424,0.13512,0.07024,0.05256,0.00968,0.07848,0.18648,0.18928,0.38288,0.49472,0.57808,0.74008,1.41496,1.86032,1.96936,2.05392,2.11568,2.15536,2.24928
1,0.69992,0.66264,0.62296,0.49408,0.46888,0.4392,0.38152,0.32832,0.27528,0.21216,0.19392,0.1448,0.07992,0.06224,0.00968,0.0688,0.1768,0.1796,0.3732,0.48504,0.5684,0.7304,1.40528,1.85064,1.95968,2.04424,2.106,2.14568,2.2396,2.25728
0,0.73144,0.69176,0.56288,0.53768,0.508,0.45032,0.39712,0.34408,0.28096,0.26272,0.2136,0.14872,0.13104,0.07848,0.0688,0.108,0.1108,0.3044,0.41624,0.4996,0.6616,1.33648,1.78184,1.89088,1.97544,2.0372,2.07688,2.1708,2.18848,2.20576
1,0.79976,0.67088,0.64568,0.616,0.55832,0.50512,0.45208,0.38896,0.37072,0.3216,0.25672,0.23904,0.18648,0.1768,0.108,0.0028,0.1964,0.30824,0.3916,0.5536,1.22848,1.67384,1.78288,1.86744,1.9292,1.96888,2.0628,2.08048,2.09776,2.13304
3,0.67368,0.64848,0.6188,0.56112,0.50792,0.45488,0.39176,0.37352,0.3244,0.25952,0.24184,0.18928,0.1796,0.1108,0.0028,0.1936,0.30544,0.3888,0.5508,1.22568,1.67104,1.78008,1.86464,1.9264,1.96608,2.06,2.07768,2.09496,2.13024,2.14984
3,0.84208,0.8124,0.75472,0.70152,0.64848,0.58536,0.56712,0.518,0.45312,0.43544,0.38288,0.3732,0.3044,0.1964,0.1936,0.11184,0.1952,0.3572,1.03208,1.47744,1.58648,1.67104,1.7328,1.77248,1.8664,1.88408,1.90136,1.93664,1.95624,1.99888
0,0.92424,0.86656,0.81336,0.76032,0.6972,0.67896,0.62984,0.56496,0.54728,0.49472,0.48504,0.41624,0.30824,0.30544,0.11184,0.08336,0.24536,0.92024,1.3656,1.47464,1.5592,1.62096,1.66064,1.75456,1.77224,1.78952,1.8248,1.8444,1.88704,1.94024
0,0.94992,0.89672,0.84368,0.78056,0.76232,0.7132,0.64832,0.63064,0.57808,0.5684,0.4996,0.3916,0.3888,0.1952,0.08336,0.162,0.83688,1.28224,1.39128,1.47584,1.5376,1.57728,1.6712,1.68888,1.70616,1.74144,1.76104,1.80368,1.85688,1.93072
0,1.05872,1.00568,0.94256,0.92432,0.8752,0.81032,0.79264,0.74008,0.7304,0.6616,0.5536,0.5508,0.3572,0.24536,0.162,0.67488,1.12024,1.22928,1.31384,1.3756,1.41528,1.5092,1.52688,1.54416,1.57944,1.59904,1.64168,1.69488,1.76872,1.7924
0,1.68056,1.61744,1.5992,1.55008,1.4852,1.46752,1.41496,1.40528,1.33648,1.22848,1.22568,1.03208,0.92024,0.83688,0.67488,0.44536,0.5544,0.63896,0.70072,0.7404,0.83432,0.852,0.86928,0.90456,0.92416,0.9668,1.02,1.09384,1.11752,1.1544
3,2.0628,2.04456,1.99544,1.93056,1.91288,1.86032,1.85064,1.78184,1.67384,1.67104,1.47744,1.3656,1.28224,1.12024,0.44536,0.10904,0.1936,0.25536,0.29504,0.38896,0.40664,0.42392,0.4592,0.4788,0.52144,0.57464,0.64848,0.67216,0.70904,0.75816
2,2.1536,2.10448,2.0396,2.02192,1.96936,1.95968,1.89088,1.78288,1.78008,1.58648,1.47464,1.39128,1.22928,0.5544,0.10904,0.08456,0.14632,0.186,0.27992,0.2976,0.31488,0.35016,0.36976,0.4124,0.4656,0.53944,0.56312,0.6,0.64912,0.70944
3,2.18904,2.12416,2.10648,2.05392,2.04424,1.97544,1.86744,1.86464,1.67104,1.5592,1.47584,1.31384,0.63896,0.1936,0.08456,0.06176,0.10144,0.19536,0.21304,0.23032,0.2656,0.2852,0.32784,0.38104,0.45488,0.47856,0.51544,0.56456,0.62488,0.64848
2,2.18592,2.16824,2.11568,2.106,2.0372,1.9292,1.9264,1.7328,1.62096,1.5376,1.3756,0.70072,0.25536,0.14632,0.06176,0.03968,0.1336,0.15128,0.16856,0.20384,0.22344,0.26608,0.31928,0.39312,0.4168,0.45368,0.5028,0.56312,0.58672,0.6028
2,2.20792,2.15536,2.14568,2.07688,1.96888,1.96608,1.77248,1.66064,1.57728,1.41528,0.7404,0.29504,0.186,0.10144,0.03968,0.09392,0.1116,0.12888,0.16416,0.18376,0.2264,0.2796,0.35344,0.37712,0.414,0.46312,0.52344,0.54704,0.56312,0.60792
3,2.24928,2.2396,2.1708,2.0628,2.06,1.8664,1.75456,1.6712,1.5092,0.83432,0.38896,0.27992,0.19536,0.1336,0.09392,0.01768,0.03496,0.07024,0.08984,0.13248,0.18568,0.25952,0.2832,0.32008,0.3692,0.42952,0.45312,0.4692,0.514,0.59808
3,2.25728,2.18848,2.08048,2.07768,1.88408,1.77224,1.68888,1.52688,0.852,0.40664,0.2976,0.21304,0.15128,0.1116,0.01768,0.01728,0.05256,0.07216,0.1148,0.168,0.24184,0.26552,0.3024,0.35152,0.41184,0.43544,0.45152,0.49632,0.5804,0.6308
2,2.20576,2.09776,2.09496,1.90136,1.78952,1.70616,1.54416,0.86928,0.42392,0.31488,0.23032,0.16856,0.12888,0.03496,0.01728,0.03528,0.05488,0.09752,0.15072,0.22456,0.24824,0.28512,0.33424,0.39456,0.41816,0.43424,0.47904,0.56312,0.61352,0.618
3,2.13304,2.13024,1.93664,1.8248,1.74144,1.57944,0.90456,0.4592,0.35016,0.2656,0.20384,0.16416,0.07024,0.05256,0.03528,0.0196,0.06224,0.11544,0.18928,0.21296,0.24984,0.29896,0.35928,0.38288,0.39896,0.44376,0.52784,0.57824,0.58272,0.59592
2,2.14984,1.95624,1.8444,1.76104,1.59904,0.92416,0.4788,0.36976,0.2852,0.22344,0.18376,0.08984,0.07216,0.05488,0.0196,0.04264,0.09584,0.16968,0.19336,0.23024,0.27936,0.33968,0.36328,0.37936,0.42416,0.50824,0.55864,0.56312,0.57632,0.60096
1,1.99888,1.88704,1.80368,1.64168,0.9668,0.52144,0.4124,0.32784,0.26608,0.2264,0.13248,0.1148,0.09752,0.06224,0.04264,0.0532,0.12704,0.15072,0.1876,0.23672,0.29704,0.32064,0.33672,0.38152,0.4656,0.516,0.52048,0.53368,0.55832,0.61152
1,1.94024,1.85688,1.69488,1.02,0.57464,0.4656,0.38104,0.31928,0.2796,0.18568,0.168,0.15072,0.11544,0.09584,0.0532,0.07384,0.09752,0.1344,0.18352,0.24384,0.26744,0.28352,0.32832,0.4124,0.4628,0.46728,0.48048,0.50512,0.55832,0.69272
3,1.93072,1.76872,1.09384,0.64848,0.53944,0.45488,0.39312,0.35344,0.25952,0.24184,0.22456,0.18928,0.16968,0.12704,0.07384,0.02368,0.06056,0.10968,0.17,0.1936,0.20968,0.25448,0.33856,0.38896,0.39344,0.40664,0.43128,0.48448,0.61888,0.668
2,1.7924,1.11752,0.67216,0.56312,0.47856,0.4168,0.37712,0.2832,0.26552,0.24824,0.21296,0.19336,0.15072,0.09752,0.02368,0.03688,0.086,0.14632,0.16992,0.186,0.2308,0.31488,0.36528,0.36976,0.38296,0.4076,0.4608,0.5952,0.64432,0.69688
1,1.1544,0.70904,0.6,0.51544,0.45368,0.414,0.32008,0.3024,0.28512,0.24984,0.23024,0.1876,0.1344,0.06056,0.03688,0.04912,0.10944,0.13304,0.14912,0.19392,0.278,0.3284,0.33288,0.34608,0.37072,0.42392,0.55832,0.60744,0.66,0.75224
1,0.75816,0.64912,0.56456,0.5028,0.46312,0.3692,0.35152,0.33424,0.29896,0.27936,0.23672,0.18352,0.10968,0.086,0.04912,0.06032,0.08392,0.1,0.1448,0.22888,0.27928,0.28376,0.29696,0.3216,0.3748,0.5092,0.55832,0.61088,0.70312,0.87992
2,0.70944,0.62488,0.56312,0.52344,0.42952,0.41184,0.39456,0.35928,0.33968,0.29704,0.24384,0.17,0.14632,0.10944,0.06032,0.0236,0.03968,0.08448,0.16856,0.21896,0.22344,0.23664,0.26128,0.31448,0.44888,0.498,0.55056,0.6428,0.8196,0.8728
3,0.64848,0.58672,0.54704,0.45312,0.43544,0.41816,0.38288,0.36328,0.32064,0.26744,0.1936,0.16992,0.13304,0.08392,0.0236,0.01608,0.06088,0.14496,0.19536,0.19984,0.21304,0.23768,0.29088,0.42528,0.4744,0.52696,0.6192,0.796,0.8492,0.9836
2,0.6028,0.56312,0.4692,0.45152,0.43424,0.39896,0.37936,0.33672,0.28352,0.20968,0.186,0.14912,0.1,0.03968,0.01608,0.0448,0.12888,0.17928,0.18376,0.19696,0.2216,0.2748,0.4092,0.45832,0.51088,0.60312,0.77992,0.83312,0.96752,1.01664
1,0.60792,0.514,0.49632,0.47904,0.44376,0.42416,0.38152,0.32832,0.25448,0.2308,0.19392,0.1448,0.08448,0.06088,0.0448,0.08408,0.13448,0.13896,0.15216,0.1768,0.23,0.3644,0.41352,0.46608,0.55832,0.73512,0.78832,0.92272,0.97184,1.11664
2,0.59808,0.5804,0.56312,0.52784,0.50824,0.4656,0.4124,0.33856,0.31488,0.278,0.22888,0.16856,0.14496,0.12888,0.08408,0.0504,0.05488,0.06808,0.09272,0.14592,0.28032,0.32944,0.382,0.47424,0.65104,0.70424,0.83864,0.88776,1.03256,1.20936
3,0.6308,0.61352,0.57824,0.55864,0.516,0.4628,0.38896,0.36528,0.3284,0.27928,0.21896,0.19536,0.17928,0.13448,0.0504,0.00448,0.01768,0.04232,0.09552,0.22992,0.27904,0.3316,0.42384,0.60064,0.65384,0.78824,0.83736,0.98216,1.15896,1.21216
2,0.618,0.58272,0.56312,0.52048,0.46728,0.39344,0.36976,0.33288,0.28376,0.22344,0.19984,0.18376,0.13896,0.05488,0.00448,0.0132,0.03784,0.09104,0.22544,0.27456,0.32712,0.41936,0.59616,0.64936,0.78376,0.83288,0.97768,1.15448,1.20768,1.22
3,0.59592,0.57632,0.53368,0.48048,0.40664,0.38296,0.34608,0.29696,0.23664,0.21304,0.19696,0.15216,0.06808,0.01768,0.0132,0.02464,0.07784,0.21224,0.26136,0.31392,0.40616,0.58296,0.63616,0.77056,0.81968,0.96448,1.14128,1.19448,1.2068,1.22504
1,0.60096,0.55832,0.50512,0.43128,0.4076,0.37072,0.3216,0.26128,0.23768,0.2216,0.1768,0.09272,0.04232,0.03784,0.02464,0.0532,0.1876,0.23672,0.28928,0.38152,0.55832,0.61152,0.74592,0.79504,0.93984,1.11664,1.16984,1.18216,1.2004,1.30424
1,0.61152,0.55832,0.48448,0.4608,0.42392,0.3748,0.31448,0.29088,0.2748,0.23,0.14592,0.09552,0.09104,0.07784,0.0532,0.1344,0.18352,0.23608,0.32832,0.50512,0.55832,0.69272,0.74184,0.88664,1.06344,1.11664,1.12896,1.1472,1.25104,1.27528
1,0.69272,0.61888,0.5952,0.55832,0.5092,0.44888,0.42528,0.4092,0.3644,0.28032,0.22992,0.22544,0.21224,0.1876,0.1344,0.04912,0.10168,0.19392,0.37072,0.42392,0.55832,0.60744,0.75224,0.92904,0.98224,0.99456,1.0128,1.11664,1.14088,1.18056
1,0.668,0.64432,0.60744,0.55832,0.498,0.4744,0.45832,0.41352,0.32944,0.27904,0.27456,0.26136,0.23672,0.18352,0.04912,0.05256,0.1448,0.3216,0.3748,0.5092,0.55832,0.70312,0.87992,0.93312,0.94544,0.96368,1.06752,1.09176,1.13144,1.26032
0,0.69688,0.66,0.61088,0.55056,0.52696,0.51088,0.46608,0.382,0.3316,0.32712,0.31392,0.28928,0.23608,0.10168,0.05256,0.09224,0.26904,0.32224,0.45664,0.50576,0.65056,0.82736,0.88056,0.89288,0.91112,1.01496,1.0392,1.07888,1.20776,1.26264
1,0.75224,0.70312,0.6428,0.6192,0.60312,0.55832,0.47424,0.42384,0.41936,0.40616,0.38152,0.32832,0.19392,0.1448,0.09224,0.1768,0.23,0.3644,0.41352,0.55832,0.73512,0.78832,0.80064,0.81888,0.92272,0.94696,0.98664,1.11552,1.1704,1.36376
1,0.87992,0.8196,0.796,0.77992,0.73512,0.65104,0.60064,0.59616,0.58296,0.55832,0.50512,0.37072,0.3216,0.26904,0.1768,0.0532,0.1876,0.23672,0.38152,0.55832,0.61152,0.62384,0.64208,0.74592,0.77016,0.80984,0.93872,0.9936,1.18696,1.33328
1,0.8728,0.8492,0.83312,0.78832,0.70424,0.65384,0.64936,0.63616,0.61152,0.55832,0.42392,0.3748,0.32224,0.23,0.0532,0.1344,0.18352,0.32832,0.50512,0.55832,0.57064,0.58888,0.69272,0.71696,0.75664,0.88552,0.9404,1.13376,1.28008,1.31976
1,0.9836,0.96752,0.92272,0.83864,0.78824,0.78376,0.77056,0.74592,0.69272,0.55832,0.5092,0.45664,0.3644,0.1876,0.1344,0.04912,0.19392,0.37072,0.42392,0.43624,0.45448,0.55832,0.58256,0.62224,0.75112,0.806,0.99936,1.14568,1.18536,1.20856
1,1.01664,0.97184,0.88776,0.83736,0.83288,0.81968,0.79504,0.74184,0.60744,0.55832,0.50576,0.41352,0.23672,0.18352,0.04912,0.1448,0.3216,0.3748,0.38712,0.40536,0.5092,0.53344,0.57312,0.702,0.75688,0.95024,1.09656,1.13624,1.15944,1.26512
1,1.11664,1.03256,0.98216,0.97768,0.96448,0.93984,0.88664,0.75224,0.70312,0.65056,0.55832,0.38152,0.32832,0.19392,0.1448,0.1768,0.23,0.24232,0.26056,0.3644,0.38864,0.42832,0.5572,0.61208,0.80544,0.95176,0.99144,1.01464,1.12032,1.1752
1,1.20936,1.15896,1.15448,1.14128,1.11664,1.06344,0.92904,0.87992,0.82736,0.73512,0.55832,0.50512,0.37072,0.3216,0.1768,0.0532,0.06552,0.08376,0.1876,0.21184,0.25152,0.3804,0.43528,0.62864,0.77496,0.81464,0.83784,0.94352,0.9984,1.03144
1,1.21216,1.20768,1.19448,1.16984,1.11664,0.98224,0.93312,0.88056,0.78832,0.61152,0.55832,0.42392,0.3748,0.23,0.0532,0.01232,0.03056,0.1344,0.15864,0.19832,0.3272,0.38208,0.57544,0.72176,0.76144,0.78464,0.89032,0.9452,0.97824,1.13856
2,1.22,1.2068,1.18216,1.12896,0.99456,0.94544,0.89288,0.80064,0.62384,0.57064,0.43624,0.38712,0.24232,0.06552,0.01232,0.01824,0.12208,0.14632,0.186,0.31488,0.36976,0.56312,0.70944,0.74912,0.77232,0.878,0.93288,0.96592,1.12624,1.13776
0,1.22504,1.2004,1.1472,1.0128,0.96368,0.91112,0.81888,0.64208,0.58888,0.45448,0.40536,0.26056,0.08376,0.03056,0.01824,0.10384,0.12808,0.16776,0.29664,0.35152,0.54488,0.6912,0.73088,0.75408,0.85976,0.91464,0.94768,1.108,1.11952,1.14304
1,1.30424,1.25104,1.11664,1.06752,1.01496,0.92272,0.74592,0.69272,0.55832,0.5092,0.3644,0.1876,0.1344,0.12208,0.10384,0.02424,0.06392,0.1928,0.24768,0.44104,0.58736,0.62704,0.65024,0.75592,0.8108,0.84384,1.00416,1.01568,1.0392,1.05688
2,1.27528,1.14088,1.09176,1.0392,0.94696,0.77016,0.71696,0.58256,0.53344,0.38864,0.21184,0.15864,0.14632,0.12808,0.02424,0.03968,0.16856,0.22344,0.4168,0.56312,0.6028,0.626,0.73168,0.78656,0.8196,0.97992,0.99144,1.01496,1.03264,1.0852
2,1.18056,1.13144,1.07888,0.98664,0.80984,0.75664,0.62224,0.57312,0.42832,0.25152,0.19832,0.186,0.16776,0.06392,0.03968,0.12888,0.18376,0.37712,0.52344,0.56312,0.58632,0.692,0.74688,0.77992,0.94024,0.95176,0.97528,0.99296,1.04552,1.08656
2,1.26032,1.20776,1.11552,0.93872,0.88552,0.75112,0.702,0.5572,0.3804,0.3272,0.31488,0.29664,0.1928,0.16856,0.12888,0.05488,0.24824,0.39456,0.43424,0.45744,0.56312,0.618,0.65104,0.81136,0.82288,0.8464,0.86408,0.91664,0.95768,1.10592
2,1.26264,1.1704,0.9936,0.9404,0.806,0.75688,0.61208,0.43528,0.38208,0.36976,0.35152,0.24768,0.22344,0.18376,0.05488,0.19336,0.33968,0.37936,0.40256,0.50824,0.56312,0.59616,0.75648,0.768,0.79152,0.8092,0.86176,0.9028,1.05104,1.13128
2,1.36376,1.18696,1.13376,0.99936,0.95024,0.80544,0.62864,0.57544,0.56312,0.54488,0.44104,0.4168,0.37712,0.24824,0.19336,0.14632,0.186,0.2092,0.31488,0.36976,0.4028,0.56312,0.57464,0.59816,0.61584,0.6684,0.70944,0.85768,0.93792,1.00696
2,1.33328,1.28008,1.14568,1.09656,0.95176,0.77496,0.72176,0.70944,0.6912,0.58736,0.56312,0.52344,0.39456,0.33968,0.14632,0.03968,0.06288,0.16856,0.22344,0.25648,0.4168,0.42832,0.45184,0.46952,0.52208,0.56312,0.71136,0.7916,0.86064,0.90496
2,1.31976,1.18536,1.13624,0.99144,0.81464,0.76144,0.74912,0.73088,0.62704,0.6028,0.56312,0.43424,0.37936,0.186,0.03968,0.0232,0.12888,0.18376,0.2168,0.37712,0.38864,0.41216,0.42984,0.4824,0.52344,0.67168,0.75192,0.82096,0.86528,1.06064
3,1.20856,1.15944,1.01464,0.83784,0.78464,0.77232,0.75408,0.65024,0.626,0.58632,0.45744,0.40256,0.2092,0.06288,0.0232,0.10568,0.16056,0.1936,0.35392,0.36544,0.38896,0.40664,0.4592,0.50024,0.64848,0.72872,0.79776,0.84208,1.03744,1.05512
2,1.26512,1.12032,0.94352,0.89032,0.878,0.85976,0.75592,0.73168,0.692,0.56312,0.50824,0.31488,0.16856,0.12888,0.10568,0.05488,0.08792,0.24824,0.25976,0.28328,0.30096,0.35352,0.39456,0.5428,0.62304,0.69208,0.7364,0.93176,0.94944,1.002
2,1.1752,0.9984,0.9452,0.93288,0.91464,0.8108,0.78656,0.74688,0.618,0.56312,0.36976,0.22344,0.18376,0.16056,0.05488,0.03304,0.19336,0.20488,0.2284,0.24608,0.29864,0.33968,0.48792,0.56816,0.6372,0.68152,0.87688,0.89456,0.94712,1.1364
3,1.03144,0.97824,0.96592,0.94768,0.84384,0.8196,0.77992,0.65104,0.59616,0.4028,0.25648,0.2168,0.1936,0.08792,0.03304,0.16032,0.17184,0.19536,0.21304,0.2656,0.30664,0.45488,0.53512,0.60416,0.64848,0.84384,0.86152,0.91408,1.10336,1.29696
2,1.13856,1.12624,1.108,1.00416,0.97992,0.94024,0.81136,0.75648,0.56312,0.4168,0.37712,0.35392,0.24824,0.19336,0.16032,0.01152,0.03504,0.05272,0.10528,0.14632,0.29456,0.3748,0.44384,0.48816,0.68352,0.7012,0.75376,0.94304,1.13664,1.332
0,1.13776,1.11952,1.01568,0.99144,0.95176,0.82288,0.768,0.57464,0.42832,0.38864,0.36544,0.25976,0.20488,0.17184,0.01152,0.02352,0.0412,0.09376,0.1348,0.28304,0.36328,0.43232,0.47664,0.672,0.68968,0.74224,0.93152,1.12512,1.32048,1.33816
3,1.14304,1.0392,1.01496,0.97528,0.8464,0.79152,0.59816,0.45184,0.41216,0.38896,0.28328,0.2284,0.19536,0.03504,0.02352,0.01768,0.07024,0.11128,0.25952,0.33976,0.4088,0.45312,0.64848,0.66616,0.71872,0.908,1.1016,1.29696,1.31464,1.3672
3,1.05688,1.03264,0.99296,0.86408,0.8092,0.61584,0.46952,0.42984,0.40664,0.30096,0.24608,0.21304,0.05272,0.0412,0.01768,0.05256,0.0936,0.24184,0.32208,0.39112,0.43544,0.6308,0.64848,0.70104,0.89032,1.08392,1.27928,1.29696,1.34952,1.50544
3,1.0852,1.04552,0.91664,0.86176,0.6684,0.52208,0.4824,0.4592,0.35352,0.29864,0.2656,0.10528,0.09376,0.07024,0.05256,0.04104,0.18928,0.26952,0.33856,0.38288,0.57824,0.59592,0.64848,0.83776,1.03136,1.22672,1.2444,1.29696,1.45288,1.4688
2,1.08656,0.95768,0.9028,0.70944,0.56312,0.52344,0.50024,0.39456,0.33968,0.30664,0.14632,0.1348,0.11128,0.0936,0.04104,0.14824,0.22848,0.29752,0.34184,0.5372,0.55488,0.60744,0.79672,0.99032,1.18568,1.20336,1.25592,1.41184,1.42776,1.4452
3,1.10592,1.05104,0.85768,0.71136,0.67168,0.64848,0.5428,0.48792,0.45488,0.29456,0.28304,0.25952,0.24184,0.18928,0.14824,0.08024,0.14928,0.1936,0.38896,0.40664,0.4592,0.64848,0.84208,1.03744,1.05512,1.10768,1.2636,1.27952,1.29696,1.48496
0,1.13128,0.93792,0.7916,0.75192,0.72872,0.62304,0.56816,0.53512,0.3748,0.36328,0.33976,0.32208,0.26952,0.22848,0.08024,0.06904,0.11336,0.30872,0.3264,0.37896,0.56824,0.76184,0.9572,0.97488,1.02744,1.18336,1.19928,1.21672,1.40472,1.41032
0,1.00696,0.86064,0.82096,0.79776,0.69208,0.6372,0.60416,0.44384,0.43232,0.4088,0.39112,0.33856,0.29752,0.14928,0.06904,0.04432,0.23968,0.25736,0.30992,0.4992,0.6928,0.88816,0.90584,0.9584,1.11432,1.13024,1.14768,1.33568,1.34128,1.40088
3,0.90496,0.86528,0.84208,0.7364,0.68152,0.64848,0.48816,0.47664,0.45312,0.43544,0.38288,0.34184,0.1936,0.11336,0.04432,0.19536,0.21304,0.2656,0.45488,0.64848,0.84384,0.86152,0.91408,1.07,1.08592,1.10336,1.29136,1.29696,1.35656,1.4764
3,1.06064,1.03744,0.93176,0.87688,0.84384,0.68352,0.672,0.64848,0.6308,0.57824,0.5372,0.38896,0.30872,0.23968,0.19536,0.01768,0.07024,0.25952,0.45312,0.64848,0.66616,0.71872,0.87464,0.89056,0.908,1.096,1.1016,1.1612,1.28104,1.44904
3,1.05512,0.94944,0.89456,0.86152,0.7012,0.68968,0.66616,0.64848,0.59592,0.55488,0.40664,0.3264,0.25736,0.21304,0.01768,0.05256,0.24184,0.43544,0.6308,0.64848,0.70104,0.85696,0.87288,0.89032,1.07832,1.08392,1.14352,1.26336,1.43136,2.10192
3,1.002,0.94712,0.91408,0.75376,0.74224,0.71872,0.70104,0.64848,0.60744,0.4592,0.37896,0.30992,0.2656,0.07024,0.05256,0.18928,0.38288,0.57824,0.59592,0.64848,0.8044,0.82032,0.83776,1.02576,1.03136,1.09096,1.2108,1.3788,2.04936,2.8276
3,1.1364,1.10336,0.94304,0.93152,0.908,0.89032,0.83776,0.79672,0.64848,0.56824,0.4992,0.45488,0.25952,0.24184,0.18928,0.1936,0.38896,0.40664,0.4592,0.61512,0.63104,0.64848,0.83648,0.84208,0.90168,1.02152,1.18952,1.86008,2.63832,0.0
3,1.29696,1.13664,1.12512,1.1016,1.08392,1.03136,0.99032,0.84208,0.76184,0.6928,0.64848,0.45312,0.43544,0.38288,0.1936,0.19536,0.21304,0.2656,0.42152,0.43744,0.45488,0.64288,0.64848,0.70808,0.82792,0.99592,1.66648,2.44472,0.0,0.0
3,1.332,1.32048,1.29696,1.27928,1.22672,1.18568,1.03744,0.9572,0.88816,0.84384,0.64848,0.6308,0.57824,0.38896,0.19536,0.01768,0.07024,0.22616,0.24208,0.25952,0.44752,0.45312,0.51272,0.63256,0.80056,1.47112,2.24936,0.0,0.0,0.0
3,1.33816,1.31464,1.29696,1.2444,1.20336,1.05512,0.97488,0.90584,0.86152,0.66616,0.64848,0.59592,0.40664,0.21304,0.01768,0.05256,0.20848,0.2244,0.24184,0.42984,0.43544,0.49504,0.61488,0.78288,1.45344,2.23168,0.0,0.0,0.0,0.0
3,1.3672,1.34952,1.29696,1.25592,1.10768,1.02744,0.9584,0.91408,0.71872,0.70104,0.64848,0.4592,0.2656,0.07024,0.05256,0.15592,0.17184,0.18928,0.37728,0.38288,0.44248,0.56232,0.73032,1.40088,2.17912,0.0,0.0,0.0,0.0,0.0
0,1.50544,1.45288,1.41184,1.2636,1.18336,1.11432,1.07,0.87464,0.85696,0.8044,0.61512,0.42152,0.22616,0.20848,0.15592,0.01592,0.03336,0.22136,0.22696,0.28656,0.4064,0.5744,1.24496,2.0232,0.0,0.0,0.0,0.0,0.0,0.0
0,1.4688,1.42776,1.27952,1.19928,1.13024,1.08592,0.89056,0.87288,0.82032,0.63104,0.43744,0.24208,0.2244,0.17184,0.01592,0.01744,0.20544,0.21104,0.27064,0.39048,0.55848,1.22904,2.00728,0.0,0.0,0.0,0.0,0.0,0.0,0.0
3,1.4452,1.29696,1.21672,1.14768,1.10336,0.908,0.89032,0.83776,0.64848,0.45488,0.25952,0.24184,0.18928,0.03336,0.01744,0.188,0.1936,0.2532,0.37304,0.54104,1.2116,1.98984,0.0,0.0,0.0,0.0,0.0,0.0,0.0,0.0
0,1.48496,1.40472,1.33568,1.29136,1.096,1.07832,1.02576,0.83648,0.64288,0.44752,0.42984,0.37728,0.22136,0.20544,0.188,0.0056,0.0652,0.18504,0.35304,1.0236,-2.02776,0.0,0.0,0.0,0.0,0.0,0.0,0.0,0.0,0.0
3,1.41032,1.34128,1.29696,1.1016,1.08392,1.03136,0.84208,0.64848,0.45312,0.43544,0.38288,0.22696,0.21104,0.1936,0.0056,0.0596,0.17944,0.34744,1.018,1.79624,0.0,0.0,0.0,0.0,0.0,0.0,0.0,0.0,0.0,0.0
0,1.40088,1.35656,1.1612,1.14352,1.09096,0.90168,0.70808,0.51272,0.49504,0.44248,0.28656,0.27064,0.2532,0.0652,0.0596,0.11984,0.28784,0.9584,1.73664,0.0,0.0,0.0,0.0,0.0,0.0,0.0,0.0,0.0,0.0,0.0
0,1.4764,1.28104,1.26336,1.2108,1.02152,0.82792,0.63256,0.61488,0.56232,0.4064,0.39048,0.37304,0.18504,0.17944,0.11984,0.168,0.83856,1.6168,0.0,0.0,0.0,0.0,0.0,0.0,0.0,0.0,0.0,0.0,0.0,0.0
0,1.44904,1.43136,1.3788,1.18952,0.99592,0.80056,0.78288,0.73032,0.5744,0.55848,0.54104,0.35304,0.34744,0.28784,0.168,0.67056,1.4488,0.0,0.0,0.0,0.0,0.0,0.0,0.0,0.0,0.0,0.0,0.0,0.0,0.0
0,2.10192,2.04936,1.86008,1.66648,1.47112,1.45344,1.40088,1.24496,1.22904,1.2116,1.0236,1.018,0.9584,0.83856,0.67056,0.77824,0.0,0.0,0.0,0.0,0.0,0.0,0.0,0.0,0.0,0.0,0.0,0.0,0.0,0.0
0,2.8276,2.63832,2.44472,2.24936,2.23168,2.17912,2.0232,2.00728,1.98984,1.80184,1.79624,1.73664,1.6168,1.4488,0.77824,0.0,0.0,0.0,0.0,0.0,0.0,0.0,0.0,0.0,0.0,0.0,0.0,0.0,0.0,0.0
