0,0.0,0.0,0.0,0.0,0.0,0.0,0.0,0.0,0.0,0.0,0.0,0.0,0.0,0.0,0.0,0.12728,0.25784,0.27384,0.67352,0.77936,0.89016,1.06296,1.07376,1.08288,1.09656,1.1188,1.21288,1.31872,1.42952,1.514
0,0.0,0.0,0.0,0.0,0.0,0.0,0.0,0.0,0.0,0.0,0.0,0.0,0.0,0.0,0.12728,0.13056,0.14656,0.54624,0.65208,0.76288,0.93568,0.94648,0.9556,0.96928,0.99152,1.0856,1.19144,1.30224,1.38672,1.48584
0,0.0,0.0,0.0,0.0,0.0,0.0,0.0,0.0,0.0,0.0,0.0,0.0,0.0,0.25784,0.13056,0.016,0.41568,0.52152,0.63232,0.80512,0.81592,0.82504,0.83872,0.86096,0.95504,1.06088,1.17168,1.25616,1.35528,1.3644
0,0.0,0.0,0.0,0.0,0.0,0.0,0.0,0.0,0.0,0.0,0.0,0.0,0.27384,0.14656,0.016,0.39968,0.50552,0.61632,0.78912,0.79992,0.80904,0.82272,0.84496,0.93904,1.04488,1.15568,1.24016,1.33928,1.3484,1.62064
1,0.0,0.0,0.0,0.0,0.0,0.0,0.0,0.0,0.0,0.0,0.0,0.67352,0.54624,0.41568,0.39968,0.10584,0.21664,0.38944,0.40024,0.40936,0.42304,0.44528,0.53936,0.6452,0.756,0.84048,0.9396,0.94872,1.22096,1.50656
1,0.0,0.0,0.0,0.0,0.0,0.0,0.0,0.0,0.0,0.0,0.77936,0.65208,0.52152,0.50552,0.10584,0.1108,0.2836,0.2944,0.30352,0.3172,0.33944,0.43352,0.53936,0.65016,0.73464,0.83376,0.84288,1.11512,1.40072,1.92392
1,0.0,0.0,0.0,0.0,0.0,0.0,0.0,0.0,0.0,0.89016,0.76288,0.63232,0.61632,0.21664,0.1108,0.1728,0.1836,0.19272,0.2064,0.22864,0.32272,0.42856,0.53936,0.62384,0.72296,0.73208,1.00432,1.28992,1.81312,1.89128
0,0.0,0.0,0.0,0.0,0.0,0.0,0.0,0.0,1.06296,0.93568,0.80512,0.78912,0.38944,0.2836,0.1728,0.0108,0.01992,0.0336,0.05584,0.14992,0.25576,0.36656,0.45104,0.55016,0.55928,0.83152,1.11712,1.64032,1.71848,1.89232
1,0.0,0.0,0.0,0.0,0.0,0.0,0.0,1.07376,0.94648,0.81592,0.79992,0.40024,0.2944,0.1836,0.0108,0.00912,0.0228,0.04504,0.13912,0.24496,0.35576,0.44024,0.53936,0.54848,0.82072,1.10632,1.62952,1.70768,1.88152,2.04088
1,0.0,0.0,0.0,0.0,0.0,0.0,1.08288,0.9556,0.82504,0.80904,0.40936,0.30352,0.19272,0.01992,0.00912,0.01368,0.03592,0.13,0.23584,0.34664,0.43112,0.53024,0.53936,0.8116,1.0972,1.6204,1.69856,1.8724,2.03176,2.14744
0,0.0,0.0,0.0,0.0,0.0,1.09656,0.96928,0.83872,0.82272,0.42304,0.3172,0.2064,0.0336,0.0228,0.01368,0.02224,0.11632,0.22216,0.33296,0.41744,0.51656,0.52568,0.79792,1.08352,1.60672,1.68488,1.85872,2.01808,2.13376,2.1612
0,0.0,0.0,0.0,0.0,1.1188,0.99152,0.86096,0.84496,0.44528,0.33944,0.22864,0.05584,0.04504,0.03592,0.02224,0.09408,0.19992,0.31072,0.3952,0.49432,0.50344,0.77568,1.06128,1.58448,1.66264,1.83648,1.99584,2.11152,2.13896,2.29696
1,0.0,0.0,0.0,1.21288,1.0856,0.95504,0.93904,0.53936,0.43352,0.32272,0.14992,0.13912,0.13,0.11632,0.09408,0.10584,0.21664,0.30112,0.40024,0.40936,0.6816,0.9672,1.4904,1.56856,1.7424,1.90176,2.01744,2.04488,2.20288,2.39656
1,0.0,0.0,1.31872,1.19144,1.06088,1.04488,0.6452,0.53936,0.42856,0.25576,0.24496,0.23584,0.22216,0.19992,0.10584,0.1108,0.19528,0.2944,0.30352,0.57576,0.86136,1.38456,1.46272,1.63656,1.79592,1.9116,1.93904,2.09704,2.29072,2.55776
1,0.0,1.42952,1.30224,1.17168,1.15568,0.756,0.65016,0.53936,0.36656,0.35576,0.34664,0.33296,0.31072,0.21664,0.1108,0.08448,0.1836,0.19272,0.46496,0.75056,1.27376,1.35192,1.52576,1.68512,1.8008,1.82824,1.98624,2.17992,2.44696,2.4748
0,1.514,1.38672,1.25616,1.24016,0.84048,0.73464,0.62384,0.45104,0.44024,0.43112,0.41744,0.3952,0.30112,0.19528,0.08448,0.09912,0.10824,0.38048,0.66608,1.18928,1.26744,1.44128,1.60064,1.71632,1.74376,1.90176,2.09544,2.36248,2.39032,2.42448
1,1.48584,1.35528,1.33928,0.9396,0.83376,0.72296,0.55016,0.53936,0.53024,0.51656,0.49432,0.40024,0.2944,0.1836,0.09912,0.00912,0.28136,0.56696,1.09016,1.16832,1.34216,1.50152,1.6172,1.64464,1.80264,1.99632,2.26336,2.2912,2.32536,2.37024
1,1.3644,1.3484,0.94872,0.84288,0.73208,0.55928,0.54848,0.53936,0.52568,0.50344,0.40936,0.30352,0.19272,0.10824,0.00912,0.27224,0.55784,1.08104,1.1592,1.33304,1.4924,1.60808,1.63552,1.79352,1.9872,2.25424,2.28208,2.31624,2.36112,2.39328
0,1.62064,1.22096,1.11512,1.00432,0.83152,0.82072,0.8116,0.79792,0.77568,0.6816,0.57576,0.46496,0.38048,0.28136,0.27224,0.2856,0.8088,0.88696,1.0608,1.22016,1.33584,1.36328,1.52128,1.71496,1.982,2.00984,2.044,2.08888,2.12104,2.22688
0,1.50656,1.40072,1.28992,1.11712,1.10632,1.0972,1.08352,1.06128,0.9672,0.86136,0.75056,0.66608,0.56696,0.55784,0.2856,0.5232,0.60136,0.7752,0.93456,1.05024,1.07768,1.23568,1.42936,1.6964,1.72424,1.7584,1.80328,1.83544,1.94128,1.96544
0,1.92392,1.81312,1.64032,1.62952,1.6204,1.60672,1.58448,1.4904,1.38456,1.27376,1.18928,1.09016,1.08104,0.8088,0.5232,0.07816,0.252,0.41136,0.52704,0.55448,0.71248,0.90616,1.1732,1.20104,1.2352,1.28008,1.31224,1.41808,1.44224,1.4484
0,1.89128,1.71848,1.70768,1.69856,1.68488,1.66264,1.56856,1.46272,1.35192,1.26744,1.16832,1.1592,0.88696,0.60136,0.07816,0.17384,0.3332,0.44888,0.47632,0.63432,0.828,1.09504,1.12288,1.15704,1.20192,1.23408,1.33992,1.36408,1.37024,1.45072
0,1.89232,1.88152,1.8724,1.85872,1.83648,1.7424,1.63656,1.52576,1.44128,1.34216,1.33304,1.0608,0.7752,0.252,0.17384,0.15936,0.27504,0.30248,0.46048,0.65416,0.9212,0.94904,0.9832,1.02808,1.06024,1.16608,1.19024,1.1964,1.27688,1.46048
0,2.04088,2.03176,2.01808,1.99584,1.90176,1.79592,1.68512,1.60064,1.50152,1.4924,1.22016,0.93456,0.41136,0.3332,0.15936,0.11568,0.14312,0.30112,0.4948,0.76184,0.78968,0.82384,0.86872,0.90088,1.00672,1.03088,1.03704,1.11752,1.30112,1.3092
0,2.14744,2.13376,2.11152,2.01744,1.9116,1.8008,1.71632,1.6172,1.60808,1.33584,1.05024,0.52704,0.44888,0.27504,0.11568,0.02744,0.18544,0.37912,0.64616,0.674,0.70816,0.75304,0.7852,0.89104,0.9152,0.92136,1.00184,1.18544,1.19352,1.19456
0,2.1612,2.13896,2.04488,1.93904,1.82824,1.74376,1.64464,1.63552,1.36328,1.07768,0.55448,0.47632,0.30248,0.14312,0.02744,0.158,0.35168,0.61872,0.64656,0.68072,0.7256,0.75776,0.8636,0.88776,0.89392,0.9744,1.158,1.16608,1.16712,1.28408
0,2.29696,2.20288,2.09704,1.98624,1.90176,1.80264,1.79352,1.52128,1.23568,0.71248,0.63432,0.46048,0.30112,0.18544,0.158,0.19368,0.46072,0.48856,0.52272,0.5676,0.59976,0.7056,0.72976,0.73592,0.8164,1.0,1.00808,1.00912,1.12608,1.13912
0,2.39656,2.29072,2.17992,2.09544,1.99632,1.9872,1.71496,1.42936,0.90616,0.828,0.65416,0.4948,0.37912,0.35168,0.19368,0.26704,0.29488,0.32904,0.37392,0.40608,0.51192,0.53608,0.54224,0.62272,0.80632,0.8144,0.81544,0.9324,0.94544,1.05128
0,2.55776,2.44696,2.36248,2.26336,2.25424,1.982,1.6964,1.1732,1.09504,0.9212,0.76184,0.64616,0.61872,0.46072,0.26704,0.02784,0.062,0.10688,0.13904,0.24488,0.26904,0.2752,0.35568,0.53928,0.54736,0.5484,0.66536,0.6784,0.78424,0.79816
0,2.4748,2.39032,2.2912,2.28208,2.00984,1.72424,1.20104,1.12288,0.94904,0.78968,0.674,0.64656,0.48856,0.29488,0.02784,0.03416,0.07904,0.1112,0.21704,0.2412,0.24736,0.32784,0.51144,0.51952,0.52056,0.63752,0.65056,0.7564,0.77032,0.8672
0,2.42448,2.32536,2.31624,2.044,1.7584,1.2352,1.15704,0.9832,0.82384,0.70816,0.68072,0.52272,0.32904,0.062,0.03416,0.04488,0.07704,0.18288,0.20704,0.2132,0.29368,0.47728,0.48536,0.4864,0.60336,0.6164,0.72224,0.73616,0.83304,1.01664
0,2.37024,2.36112,2.08888,1.80328,1.28008,1.20192,1.02808,0.86872,0.75304,0.7256,0.5676,0.37392,0.10688,0.07904,0.04488,0.03216,0.138,0.16216,0.16832,0.2488,0.4324,0.44048,0.44152,0.55848,0.57152,0.67736,0.69128,0.78816,0.97176,0.98088
1,2.39328,2.12104,1.83544,1.31224,1.23408,1.06024,0.90088,0.7852,0.75776,0.59976,0.40608,0.13904,0.1112,0.07704,0.03216,0.10584,0.13,0.13616,0.21664,0.40024,0.40832,0.40936,0.52632,0.53936,0.6452,0.65912,0.756,0.9396,0.94872,1.07872
1,2.22688,1.94128,1.41808,1.33992,1.16608,1.00672,0.89104,0.8636,0.7056,0.51192,0.24488,0.21704,0.18288,0.138,0.10584,0.02416,0.03032,0.1108,0.2944,0.30248,0.30352,0.42048,0.43352,0.53936,0.55328,0.65016,0.83376,0.84288,0.97288,1.07872
0,1.96544,1.44224,1.36408,1.19024,1.03088,0.9152,0.88776,0.72976,0.53608,0.26904,0.2412,0.20704,0.16216,0.13,0.02416,0.00616,0.08664,0.27024,0.27832,0.27936,0.39632,0.40936,0.5152,0.52912,0.626,0.8096,0.81872,0.94872,1.05456,1.16536
0,1.4484,1.37024,1.1964,1.03704,0.92136,0.89392,0.73592,0.54224,0.2752,0.24736,0.2132,0.16832,0.13616,0.03032,0.00616,0.08048,0.26408,0.27216,0.2732,0.39016,0.4032,0.50904,0.52296,0.61984,0.80344,0.81256,0.94256,1.0484,1.1592,1.27592
1,1.45072,1.27688,1.11752,1.00184,0.9744,0.8164,0.62272,0.35568,0.32784,0.29368,0.2488,0.21664,0.1108,0.08664,0.08048,0.1836,0.19168,0.19272,0.30968,0.32272,0.42856,0.44248,0.53936,0.72296,0.73208,0.86208,0.96792,1.07872,1.19544,1.26232
1,1.46048,1.30112,1.18544,1.158,1.0,0.80632,0.53928,0.51144,0.47728,0.4324,0.40024,0.2944,0.27024,0.26408,0.1836,0.00808,0.00912,0.12608,0.13912,0.24496,0.25888,0.35576,0.53936,0.54848,0.67848,0.78432,0.89512,1.01184,1.07872,1.10736
0,1.3092,1.19352,1.16608,1.00808,0.8144,0.54736,0.51952,0.48536,0.44048,0.40832,0.30248,0.27832,0.27216,0.19168,0.00808,0.00104,0.118,0.13104,0.23688,0.2508,0.34768,0.53128,0.5404,0.6704,0.77624,0.88704,1.00376,1.07064,1.09928,1.41552
1,1.19456,1.16712,1.00912,0.81544,0.5484,0.52056,0.4864,0.44152,0.40936,0.30352,0.27936,0.2732,0.19272,0.00912,0.00104,0.11696,0.13,0.23584,0.24976,0.34664,0.53024,0.53936,0.66936,0.7752,0.886,1.00272,1.0696,1.09824,1.41448,2.10128
0,1.28408,1.12608,0.9324,0.66536,0.63752,0.60336,0.55848,0.52632,0.42048,0.39632,0.39016,0.30968,0.12608,0.118,0.11696,0.01304,0.11888,0.1328,0.22968,0.41328,0.4224,0.5524,0.65824,0.76904,0.88576,0.95264,0.98128,1.29752,1.98432,2.43456
1,1.13912,0.94544,0.6784,0.65056,0.6164,0.57152,0.53936,0.43352,0.40936,0.4032,0.32272,0.13912,0.13104,0.13,0.01304,0.10584,0.11976,0.21664,0.40024,0.40936,0.53936,0.6452,0.756,0.87272,0.9396,0.96824,1.28448,1.97128,2.42152,2.49848
1,1.05128,0.78424,0.7564,0.72224,0.67736,0.6452,0.53936,0.5152,0.50904,0.42856,0.24496,0.23688,0.23584,0.11888,0.10584,0.01392,0.1108,0.2944,0.30352,0.43352,0.53936,0.65016,0.76688,0.83376,0.8624,1.17864,1.86544,2.31568,2.39264,2.49848
0,0.79816,0.77032,0.73616,0.69128,0.65912,0.55328,0.52912,0.52296,0.44248,0.25888,0.2508,0.24976,0.1328,0.11976,0.01392,0.09688,0.28048,0.2896,0.4196,0.52544,0.63624,0.75296,0.81984,0.84848,1.16472,1.85152,2.30176,2.37872,2.48456,2.55064
1,0.8672,0.83304,0.78816,0.756,0.65016,0.626,0.61984,0.53936,0.35576,0.34768,0.34664,0.22968,0.21664,0.1108,0.09688,0.1836,0.19272,0.32272,0.42856,0.53936,0.65608,0.72296,0.7516,1.06784,1.75464,2.20488,2.28184,2.38768,2.45376,2.49744
1,1.01664,0.97176,0.9396,0.83376,0.8096,0.80344,0.72296,0.53936,0.53128,0.53024,0.41328,0.40024,0.2944,0.28048,0.1836,0.00912,0.13912,0.24496,0.35576,0.47248,0.53936,0.568,0.88424,1.57104,2.02128,2.09824,2.20408,2.27016,2.31384,2.31488
1,0.98088,0.94872,0.84288,0.81872,0.81256,0.73208,0.54848,0.5404,0.53936,0.4224,0.40936,0.30352,0.2896,0.19272,0.00912,0.13,0.23584,0.34664,0.46336,0.53024,0.55888,0.87512,1.56192,2.01216,2.08912,2.19496,2.26104,2.30472,2.30576,2.48936
1,1.07872,0.97288,0.94872,0.94256,0.86208,0.67848,0.6704,0.66936,0.5524,0.53936,0.43352,0.4196,0.32272,0.13912,0.13,0.10584,0.21664,0.33336,0.40024,0.42888,0.74512,1.43192,1.88216,1.95912,2.06496,2.13104,2.17472,2.17576,2.35936,2.36848
1,1.07872,1.05456,1.0484,0.96792,0.78432,0.77624,0.7752,0.65824,0.6452,0.53936,0.52544,0.42856,0.24496,0.23584,0.10584,0.1108,0.22752,0.2944,0.32304,0.63928,1.32608,1.77632,1.85328,1.95912,2.0252,2.06888,2.06992,2.25352,2.26264,2.39264
1,1.16536,1.1592,1.07872,0.89512,0.88704,0.886,0.76904,0.756,0.65016,0.63624,0.53936,0.35576,0.34664,0.21664,0.1108,0.11672,0.1836,0.21224,0.52848,1.21528,1.66552,1.74248,1.84832,1.9144,1.95808,1.95912,2.14272,2.15184,2.28184,2.38768
0,1.27592,1.19544,1.01184,1.00376,1.00272,0.88576,0.87272,0.76688,0.75296,0.65608,0.47248,0.46336,0.33336,0.22752,0.11672,0.06688,0.09552,0.41176,1.09856,1.5488,1.62576,1.7316,1.79768,1.84136,1.8424,2.026,2.03512,2.16512,2.27096,2.38176
1,1.26232,1.07872,1.07064,1.0696,0.95264,0.9396,0.83376,0.81984,0.72296,0.53936,0.53024,0.40024,0.2944,0.1836,0.06688,0.02864,0.34488,1.03168,1.48192,1.55888,1.66472,1.7308,1.77448,1.77552,1.95912,1.96824,2.09824,2.20408,2.31488,2.44
0,1.10736,1.09928,1.09824,0.98128,0.96824,0.8624,0.84848,0.7516,0.568,0.55888,0.42888,0.32304,0.21224,0.09552,0.02864,0.31624,1.00304,1.45328,1.53024,1.63608,1.70216,1.74584,1.74688,1.93048,1.9396,2.0696,2.17544,2.28624,2.41136,2.45152
0,1.41552,1.41448,1.29752,1.28448,1.17864,1.16472,1.06784,0.88424,0.87512,0.74512,0.63928,0.52848,0.41176,0.34488,0.31624,0.6868,1.13704,1.214,1.31984,1.38592,1.4296,1.43064,1.61424,1.62336,1.75336,1.8592,1.97,2.09512,2.13528,2.1536
0,2.10128,1.98432,1.97128,1.86544,1.85152,1.75464,1.57104,1.56192,1.43192,1.32608,1.21528,1.09856,1.03168,1.00304,0.6868,0.45024,0.5272,0.63304,0.69912,0.7428,0.74384,0.92744,0.93656,1.06656,1.1724,1.2832,1.40832,1.44848,1.4668,1.47592
0,2.43456,2.42152,2.31568,2.30176,2.20488,2.02128,2.01216,1.88216,1.77632,1.66552,1.5488,1.48192,1.45328,1.13704,0.45024,0.07696,0.1828,0.24888,0.29256,0.2936,0.4772,0.48632,0.61632,0.72216,0.83296,0.95808,0.99824,1.01656,1.02568,1.2212
1,2.49848,2.39264,2.37872,2.28184,2.09824,2.08912,1.95912,1.85328,1.74248,1.62576,1.55888,1.53024,1.214,0.5272,0.07696,0.10584,0.17192,0.2156,0.21664,0.40024,0.40936,0.53936,0.6452,0.756,0.88112,0.92128,0.9396,0.94872,1.14424,1.23088
1,2.49848,2.48456,2.38768,2.20408,2.19496,2.06496,1.95912,1.84832,1.7316,1.66472,1.63608,1.31984,0.63304,0.1828,0.10584,0.06608,0.10976,0.1108,0.2944,0.30352,0.43352,0.53936,0.65016,0.77528,0.81544,0.83376,0.84288,1.0384,1.12504,1.41072
0,2.55064,2.45376,2.27016,2.26104,2.13104,2.0252,1.9144,1.79768,1.7308,1.70216,1.38592,0.69912,0.24888,0.17192,0.06608,0.04368,0.04472,0.22832,0.23744,0.36744,0.47328,0.58408,0.7092,0.74936,0.76768,0.7768,0.97232,1.05896,1.34464,1.60912
0,2.49744,2.31384,2.30472,2.17472,2.06888,1.95808,1.84136,1.77448,1.74584,1.4296,0.7428,0.29256,0.2156,0.10976,0.04368,0.00104,0.18464,0.19376,0.32376,0.4296,0.5404,0.66552,0.70568,0.724,0.73312,0.92864,1.01528,1.30096,1.56544,1.6036
1,2.31488,2.30576,2.17576,2.06992,1.95912,1.8424,1.77552,1.74688,1.43064,0.74384,0.2936,0.21664,0.1108,0.04472,0.00104,0.1836,0.19272,0.32272,0.42856,0.53936,0.66448,0.70464,0.72296,0.73208,0.9276,1.01424,1.29992,1.5644,1.60256,1.77536
1,2.48936,2.35936,2.25352,2.14272,2.026,1.95912,1.93048,1.61424,0.92744,0.4772,0.40024,0.2944,0.22832,0.18464,0.1836,0.00912,0.13912,0.24496,0.35576,0.48088,0.52104,0.53936,0.54848,0.744,0.83064,1.11632,1.3808,1.41896,1.59176,1.93624
1,2.36848,2.26264,2.15184,2.03512,1.96824,1.9396,1.62336,0.93656,0.48632,0.40936,0.30352,0.23744,0.19376,0.19272,0.00912,0.13,0.23584,0.34664,0.47176,0.51192,0.53024,0.53936,0.73488,0.82152,1.1072,1.37168,1.40984,1.58264,1.92712,2.03296
1,2.39264,2.28184,2.16512,2.09824,2.0696,1.75336,1.06656,0.61632,0.53936,0.43352,0.36744,0.32376,0.32272,0.13912,0.13,0.10584,0.21664,0.34176,0.38192,0.40024,0.40936,0.60488,0.69152,0.9772,1.24168,1.27984,1.45264,1.79712,1.90296,1.92392
1,2.38768,2.27096,2.20408,2.17544,1.8592,1.1724,0.72216,0.6452,0.53936,0.47328,0.4296,0.42856,0.24496,0.23584,0.10584,0.1108,0.23592,0.27608,0.2944,0.30352,0.49904,0.58568,0.87136,1.13584,1.174,1.3468,1.69128,1.79712,1.81808,1.8572
1,2.38176,2.31488,2.28624,1.97,1.2832,0.83296,0.756,0.65016,0.58408,0.5404,0.53936,0.35576,0.34664,0.21664,0.1108,0.12512,0.16528,0.1836,0.19272,0.38824,0.47488,0.76056,1.02504,1.0632,1.236,1.58048,1.68632,1.70728,1.7464,1.79712
0,2.44,2.41136,2.09512,1.40832,0.95808,0.88112,0.77528,0.7092,0.66552,0.66448,0.48088,0.47176,0.34176,0.23592,0.12512,0.04016,0.05848,0.0676,0.26312,0.34976,0.63544,0.89992,0.93808,1.11088,1.45536,1.5612,1.58216,1.62128,1.672,1.8556
0,2.45152,2.13528,1.44848,0.99824,0.92128,0.81544,0.74936,0.70568,0.70464,0.52104,0.51192,0.38192,0.27608,0.16528,0.04016,0.01832,0.02744,0.22296,0.3096,0.59528,0.85976,0.89792,1.07072,1.4152,1.52104,1.542,1.58112,1.63184,1.81544,1.82456
1,2.1536,1.4668,1.01656,0.9396,0.83376,0.76768,0.724,0.72296,0.53936,0.53024,0.40024,0.2944,0.1836,0.05848,0.01832,0.00912,0.20464,0.29128,0.57696,0.84144,0.8796,1.0524,1.39688,1.50272,1.52368,1.5628,1.61352,1.79712,1.80624,1.93624
1,1.47592,1.02568,0.94872,0.84288,0.7768,0.73312,0.73208,0.54848,0.53936,0.40936,0.30352,0.19272,0.0676,0.02744,0.00912,0.19552,0.28216,0.56784,0.83232,0.87048,1.04328,1.38776,1.4936,1.51456,1.55368,1.6044,1.788,1.79712,1.92712,1.93816
0,1.2212,1.14424,1.0384,0.97232,0.92864,0.9276,0.744,0.73488,0.60488,0.49904,0.38824,0.26312,0.22296,0.20464,0.19552,0.08664,0.37232,0.6368,0.67496,0.84776,1.19224,1.29808,1.31904,1.35816,1.40888,1.59248,1.6016,1.7316,1.74264,1.83744
0,1.23088,1.12504,1.05896,1.01528,1.01424,0.83064,0.82152,0.69152,0.58568,0.47488,0.34976,0.3096,0.29128,0.28216,0.08664,0.28568,0.55016,0.58832,0.76112,1.1056,1.21144,1.2324,1.27152,1.32224,1.50584,1.51496,1.64496,1.656,1.7508,1.86056
0,1.41072,1.34464,1.30096,1.29992,1.11632,1.1072,0.9772,0.87136,0.76056,0.63544,0.59528,0.57696,0.56784,0.37232,0.28568,0.26448,0.30264,0.47544,0.81992,0.92576,0.94672,0.98584,1.03656,1.22016,1.22928,1.35928,1.37032,1.46512,1.57488,1.57592
0,1.60912,1.56544,1.5644,1.3808,1.37168,1.24168,1.13584,1.02504,0.89992,0.85976,0.84144,0.83232,0.6368,0.55016,0.26448,0.03816,0.21096,0.55544,0.66128,0.68224,0.72136,0.77208,0.95568,0.9648,1.0948,1.10584,1.20064,1.3104,1.31144,1.49504
0,1.6036,1.60256,1.41896,1.40984,1.27984,1.174,1.0632,0.93808,0.89792,0.8796,0.87048,0.67496,0.58832,0.30264,0.03816,0.1728,0.51728,0.62312,0.64408,0.6832,0.73392,0.91752,0.92664,1.05664,1.06768,1.16248,1.27224,1.27328,1.45688,1.466
0,1.77536,1.59176,1.58264,1.45264,1.3468,1.236,1.11088,1.07072,1.0524,1.04328,0.84776,0.76112,0.47544,0.21096,0.1728,0.34448,0.45032,0.47128,0.5104,0.56112,0.74472,0.75384,0.88384,0.89488,0.98968,1.09944,1.10048,1.28408,1.2932,1.30368
1,1.93624,1.92712,1.79712,1.69128,1.58048,1.45536,1.4152,1.39688,1.38776,1.19224,1.1056,0.81992,0.55544,0.51728,0.34448,0.10584,0.1268,0.16592,0.21664,0.40024,0.40936,0.53936,0.5504,0.6452,0.75496,0.756,0.9396,0.94872,0.9592,1.07872
1,2.03296,1.90296,1.79712,1.68632,1.5612,1.52104,1.50272,1.4936,1.29808,1.21144,0.92576,0.66128,0.62312,0.45032,0.10584,0.02096,0.06008,0.1108,0.2944,0.30352,0.43352,0.44456,0.53936,0.64912,0.65016,0.83376,0.84288,0.85336,0.97288,1.07872
0,1.92392,1.81808,1.70728,1.58216,1.542,1.52368,1.51456,1.31904,1.2324,0.94672,0.68224,0.64408,0.47128,0.1268,0.02096,0.03912,0.08984,0.27344,0.28256,0.41256,0.4236,0.5184,0.62816,0.6292,0.8128,0.82192,0.8324,0.95192,1.05776,1.10672
0,1.8572,1.7464,1.62128,1.58112,1.5628,1.55368,1.35816,1.27152,0.98584,0.72136,0.6832,0.5104,0.16592,0.06008,0.03912,0.05072,0.23432,0.24344,0.37344,0.38448,0.47928,0.58904,0.59008,0.77368,0.7828,0.79328,0.9128,1.01864,1.0676,1.12944
1,1.79712,1.672,1.63184,1.61352,1.6044,1.40888,1.32224,1.03656,0.77208,0.73392,0.56112,0.21664,0.1108,0.08984,0.05072,0.1836,0.19272,0.32272,0.33376,0.42856,0.53832,0.53936,0.72296,0.73208,0.74256,0.86208,0.96792,1.01688,1.07872,1.09744
1,1.8556,1.81544,1.79712,1.788,1.59248,1.50584,1.22016,0.95568,0.91752,0.74472,0.40024,0.2944,0.27344,0.23432,0.1836,0.00912,0.13912,0.15016,0.24496,0.35472,0.35576,0.53936,0.54848,0.55896,0.67848,0.78432,0.83328,0.89512,0.91384,1.07872
1,1.82456,1.80624,1.79712,1.6016,1.51496,1.22928,0.9648,0.92664,0.75384,0.40936,0.30352,0.28256,0.24344,0.19272,0.00912,0.13,0.14104,0.23584,0.3456,0.34664,0.53024,0.53936,0.54984,0.66936,0.7752,0.82416,0.886,0.90472,1.0696,1.07872
1,1.93624,1.92712,1.7316,1.64496,1.35928,1.0948,1.05664,0.88384,0.53936,0.43352,0.41256,0.37344,0.32272,0.13912,0.13,0.01104,0.10584,0.2156,0.21664,0.40024,0.40936,0.41984,0.53936,0.6452,0.69416,0.756,0.77472,0.9396,0.94872,1.07872
0,1.93816,1.74264,1.656,1.37032,1.10584,1.06768,0.89488,0.5504,0.44456,0.4236,0.38448,0.33376,0.15016,0.14104,0.01104,0.0948,0.20456,0.2056,0.3892,0.39832,0.4088,0.52832,0.63416,0.68312,0.74496,0.76368,0.92856,0.93768,1.06768,1.0868
1,1.83744,1.7508,1.46512,1.20064,1.16248,0.98968,0.6452,0.53936,0.5184,0.47928,0.42856,0.24496,0.23584,0.10584,0.0948,0.10976,0.1108,0.2944,0.30352,0.314,0.43352,0.53936,0.58832,0.65016,0.66888,0.83376,0.84288,0.97288,0.992,1.07872
0,1.86056,1.57488,1.3104,1.27224,1.09944,0.75496,0.64912,0.62816,0.58904,0.53832,0.35472,0.3456,0.2156,0.20456,0.10976,0.00104,0.18464,0.19376,0.20424,0.32376,0.4296,0.47856,0.5404,0.55912,0.724,0.73312,0.86312,0.88224,0.96896,0.97296
1,1.57592,1.31144,1.27328,1.10048,0.756,0.65016,0.6292,0.59008,0.53936,0.35576,0.34664,0.21664,0.2056,0.1108,0.00104,0.1836,0.19272,0.2032,0.32272,0.42856,0.47752,0.53936,0.55808,0.72296,0.73208,0.86208,0.8812,0.96792,0.97192,1.06744
1,1.49504,1.45688,1.28408,0.9396,0.83376,0.8128,0.77368,0.72296,0.53936,0.53024,0.40024,0.3892,0.2944,0.18464,0.1836,0.00912,0.0196,0.13912,0.24496,0.29392,0.35576,0.37448,0.53936,0.54848,0.67848,0.6976,0.78432,0.78832,0.88384,1.25736
1,1.466,1.2932,0.94872,0.84288,0.82192,0.7828,0.73208,0.54848,0.53936,0.40936,0.39832,0.30352,0.19376,0.19272,0.00912,0.01048,0.13,0.23584,0.2848,0.34664,0.36536,0.53024,0.53936,0.66936,0.68848,0.7752,0.7792,0.87472,1.24824,1.8256
0,1.30368,0.9592,0.85336,0.8324,0.79328,0.74256,0.55896,0.54984,0.41984,0.4088,0.314,0.20424,0.2032,0.0196,0.01048,0.11952,0.22536,0.27432,0.33616,0.35488,0.51976,0.52888,0.65888,0.678,0.76472,0.76872,0.86424,1.23776,1.81512,2.17
1,1.07872,0.97288,0.95192,0.9128,0.86208,0.67848,0.66936,0.53936,0.52832,0.43352,0.32376,0.32272,0.13912,0.13,0.11952,0.10584,0.1548,0.21664,0.23536,0.40024,0.40936,0.53936,0.55848,0.6452,0.6492,0.74472,1.11824,1.6956,2.05048,2.70432
1,1.07872,1.05776,1.01864,0.96792,0.78432,0.7752,0.6452,0.63416,0.53936,0.4296,0.42856,0.24496,0.23584,0.22536,0.10584,0.04896,0.1108,0.12952,0.2944,0.30352,0.43352,0.45264,0.53936,0.54336,0.63888,1.0124,1.58976,1.94464,2.59848,2.7416
0,1.10672,1.0676,1.01688,0.83328,0.82416,0.69416,0.68312,0.58832,0.47856,0.47752,0.29392,0.2848,0.27432,0.1548,0.04896,0.06184,0.08056,0.24544,0.25456,0.38456,0.40368,0.4904,0.4944,0.58992,0.96344,1.5408,1.89568,2.54952,2.69264,2.87272
1,1.12944,1.07872,0.89512,0.886,0.756,0.74496,0.65016,0.5404,0.53936,0.35576,0.34664,0.33616,0.21664,0.1108,0.06184,0.01872,0.1836,0.19272,0.32272,0.34184,0.42856,0.43256,0.52808,0.9016,1.47896,1.83384,2.48768,2.6308,2.81088,2.91672
0,1.09744,0.91384,0.90472,0.77472,0.76368,0.66888,0.55912,0.55808,0.37448,0.36536,0.35488,0.23536,0.12952,0.08056,0.01872,0.16488,0.174,0.304,0.32312,0.40984,0.41384,0.50936,0.88288,1.46024,1.81512,2.46896,2.61208,2.79216,2.898,2.90808
1,1.07872,1.0696,0.9396,0.92856,0.83376,0.724,0.72296,0.53936,0.53024,0.51976,0.40024,0.2944,0.24544,0.1836,0.16488,0.00912,0.13912,0.15824,0.24496,0.24896,0.34448,0.718,1.29536,1.65024,2.30408,2.4472,2.62728,2.73312,2.7432,2.832
1,1.07872,0.94872,0.93768,0.84288,0.73312,0.73208,0.54848,0.53936,0.52888,0.40936,0.30352,0.25456,0.19272,0.174,0.00912,0.13,0.14912,0.23584,0.23984,0.33536,0.70888,1.28624,1.64112,2.29496,2.43808,2.61816,2.724,2.73408,2.82288,2.8348
1,1.07872,1.06768,0.97288,0.86312,0.86208,0.67848,0.66936,0.65888,0.53936,0.43352,0.38456,0.32272,0.304,0.13912,0.13,0.01912,0.10584,0.10984,0.20536,0.57888,1.15624,1.51112,2.16496,2.30808,2.48816,2.594,2.60408,2.69288,2.7048,2.8884
0,1.0868,0.992,0.88224,0.8812,0.6976,0.68848,0.678,0.55848,0.45264,0.40368,0.34184,0.32312,0.15824,0.14912,0.01912,0.08672,0.09072,0.18624,0.55976,1.13712,1.492,2.14584,2.28896,2.46904,2.57488,2.58496,2.67376,2.68568,2.86928,2.8784
1,1.07872,0.96896,0.96792,0.78432,0.7752,0.76472,0.6452,0.53936,0.4904,0.42856,0.40984,0.24496,0.23584,0.10584,0.08672,0.004,0.09952,0.47304,1.0504,1.40528,2.05912,2.20224,2.38232,2.48816,2.49824,2.58704,2.59896,2.78256,2.79168,2.92168
0,0.97296,0.97192,0.78832,0.7792,0.76872,0.6492,0.54336,0.4944,0.43256,0.41384,0.24896,0.23984,0.10984,0.09072,0.004,0.09552,0.46904,1.0464,1.40128,2.05512,2.19824,2.37832,2.48416,2.49424,2.58304,2.59496,2.77856,2.78768,2.91768,3.17032
0,1.06744,0.88384,0.87472,0.86424,0.74472,0.63888,0.58992,0.52808,0.50936,0.34448,0.33536,0.20536,0.18624,0.09952,0.09552,0.37352,0.95088,1.30576,1.9596,2.10272,2.2828,2.38864,2.39872,2.48752,2.49944,2.68304,2.69216,2.82216,3.0748,3.15376
0,1.25736,1.24824,1.23776,1.11824,1.0124,0.96344,0.9016,0.88288,0.718,0.70888,0.57888,0.55976,0.47304,0.46904,0.37352,0.57736,0.93224,1.58608,1.7292,1.90928,2.01512,2.0252,2.114,2.12592,2.30952,2.31864,2.44864,2.70128,2.78024,3.73912
0,1.8256,1.81512,1.6956,1.58976,1.5408,1.47896,1.46024,1.29536,1.28624,1.15624,1.13712,1.0504,1.0464,0.95088,0.57736,0.35488,1.00872,1.15184,1.33192,1.43776,1.44784,1.53664,1.54856,1.73216,1.74128,1.87128,2.12392,2.20288,3.16176,3.29096
0,2.17,2.05048,1.94464,1.89568,1.83384,1.81512,1.65024,1.64112,1.51112,1.492,1.40528,1.40128,1.30576,0.93224,0.35488,0.65384,0.79696,0.97704,1.08288,1.09296,1.18176,1.19368,1.37728,1.3864,1.5164,1.76904,1.848,2.80688,2.93608,3.21856
0,2.70432,2.59848,2.54952,2.48768,2.46896,2.30408,2.29496,2.16496,2.14584,2.05912,2.05512,1.9596,1.58608,1.00872,0.65384,0.14312,0.3232,0.42904,0.43912,0.52792,0.53984,0.72344,0.73256,0.86256,1.1152,1.19416,2.15304,2.28224,2.56472,2.62344
0,2.7416,2.69264,2.6308,2.61208,2.4472,2.43808,2.30808,2.28896,2.20224,2.19824,2.10272,1.7292,1.15184,0.79696,0.14312,0.18008,0.28592,0.296,0.3848,0.39672,0.58032,0.58944,0.71944,0.97208,1.05104,2.00992,2.13912,2.4216,2.48032,2.55384
1,2.87272,2.81088,2.79216,2.62728,2.61816,2.48816,2.46904,2.38232,2.37832,2.2828,1.90928,1.33192,0.97704,0.3232,0.18008,0.10584,0.11592,0.20472,0.21664,0.40024,0.40936,0.53936,0.792,0.87096,1.82984,1.95904,2.24152,2.30024,2.37376,2.40608
1,2.91672,2.898,2.73312,2.724,2.594,2.57488,2.48816,2.48416,2.38864,2.01512,1.43776,1.08288,0.42904,0.28592,0.10584,0.01008,0.09888,0.1108,0.2944,0.30352,0.43352,0.68616,0.76512,1.724,1.8532,2.13568,2.1944,2.26792,2.30024,2.41104
0,2.90808,2.7432,2.73408,2.60408,2.58496,2.49824,2.49424,2.39872,2.0252,1.44784,1.09296,0.43912,0.296,0.11592,0.01008,0.0888,0.10072,0.28432,0.29344,0.42344,0.67608,0.75504,1.71392,1.84312,2.1256,2.18432,2.25784,2.29016,2.40096,2.58456
0,2.832,2.82288,2.69288,2.67376,2.58704,2.58304,2.48752,2.114,1.53664,1.18176,0.52792,0.3848,0.20472,0.09888,0.0888,0.01192,0.19552,0.20464,0.33464,0.58728,0.66624,1.62512,1.75432,2.0368,2.09552,2.16904,2.20136,2.31216,2.49576,2.50488
1,2.8348,2.7048,2.68568,2.59896,2.59496,2.49944,2.12592,1.54856,1.19368,0.53984,0.39672,0.21664,0.1108,0.10072,0.01192,0.1836,0.19272,0.32272,0.57536,0.65432,1.6132,1.7424,2.02488,2.0836,2.15712,2.18944,2.30024,2.48384,2.49296,2.62296
1,2.8884,2.86928,2.78256,2.77856,2.68304,2.30952,1.73216,1.37728,0.72344,0.58032,0.40024,0.2944,0.28432,0.19552,0.1836,0.00912,0.13912,0.39176,0.47072,1.4296,1.5588,1.84128,1.9,1.97352,2.00584,2.11664,2.30024,2.30936,2.43936,2.53648
1,2.8784,2.79168,2.78768,2.69216,2.31864,1.74128,1.3864,0.73256,0.58944,0.40936,0.30352,0.29344,0.20464,0.19272,0.00912,0.13,0.38264,0.4616,1.42048,1.54968,1.83216,1.89088,1.9644,1.99672,2.10752,2.29112,2.30024,2.43024,2.52736,2.53608
1,2.92168,2.91768,2.82216,2.44864,1.87128,1.5164,0.86256,0.71944,0.53936,0.43352,0.42344,0.33464,0.32272,0.13912,0.13,0.25264,0.3316,1.29048,1.41968,1.70216,1.76088,1.8344,1.86672,1.97752,2.16112,2.17024,2.30024,2.39736,2.40608,2.51688
0,3.17032,3.0748,2.70128,2.12392,1.76904,1.1152,0.97208,0.792,0.68616,0.67608,0.58728,0.57536,0.39176,0.38264,0.25264,0.07896,1.03784,1.16704,1.44952,1.50824,1.58176,1.61408,1.72488,1.90848,1.9176,2.0476,2.14472,2.15344,2.26424,2.41192
0,3.15376,2.78024,2.20288,1.848,1.19416,1.05104,0.87096,0.76512,0.75504,0.66624,0.65432,0.47072,0.4616,0.3316,0.07896,0.95888,1.08808,1.37056,1.42928,1.5028,1.53512,1.64592,1.82952,1.83864,1.96864,2.06576,2.07448,2.18528,2.33296,2.3528
0,3.73912,3.16176,2.80688,2.15304,2.00992,1.82984,1.724,1.71392,1.62512,1.6132,1.4296,1.42048,1.29048,1.03784,0.95888,0.1292,0.41168,0.4704,0.54392,0.57624,0.68704,0.87064,0.87976,1.00976,1.10688,1.1156,1.2264,1.37408,1.39392,1.41
0,3.29096,2.93608,2.28224,2.13912,1.95904,1.8532,1.84312,1.75432,1.7424,1.5588,1.54968,1.41968,1.16704,1.08808,0.1292,0.28248,0.3412,0.41472,0.44704,0.55784,0.74144,0.75056,0.88056,0.97768,0.9864,1.0972,1.24488,1.26472,1.2808,1.28992
0,3.21856,2.56472,2.4216,2.24152,2.13568,2.1256,2.0368,2.02488,1.84128,1.83216,1.70216,1.44952,1.37056,0.41168,0.28248,0.05872,0.13224,0.16456,0.27536,0.45896,0.46808,0.59808,0.6952,0.70392,0.81472,0.9624,0.98224,0.99832,1.00744,1.04696
1,2.62344,2.48032,2.30024,2.1944,2.18432,2.09552,2.0836,1.9,1.89088,1.76088,1.50824,1.42928,0.4704,0.3412,0.05872,0.07352,0.10584,0.21664,0.40024,0.40936,0.53936,0.63648,0.6452,0.756,0.90368,0.92352,0.9396,0.94872,0.98824,1.07872
0,2.55384,2.37376,2.26792,2.25784,2.16904,2.15712,1.97352,1.9644,1.8344,1.58176,1.5028,0.54392,0.41472,0.13224,0.07352,0.03232,0.14312,0.32672,0.33584,0.46584,0.56296,0.57168,0.68248,0.83016,0.85,0.86608,0.8752,0.91472,1.0052,1.0864
1,2.40608,2.30024,2.29016,2.20136,2.18944,2.00584,1.99672,1.86672,1.61408,1.53512,0.57624,0.44704,0.16456,0.10584,0.03232,0.1108,0.2944,0.30352,0.43352,0.53064,0.53936,0.65016,0.79784,0.81768,0.83376,0.84288,0.8824,0.97288,1.05408,1.07184
1,2.41104,2.40096,2.31216,2.30024,2.11664,2.10752,1.97752,1.72488,1.64592,0.68704,0.55784,0.27536,0.21664,0.14312,0.1108,0.1836,0.19272,0.32272,0.41984,0.42856,0.53936,0.68704,0.70688,0.72296,0.73208,0.7716,0.86208,0.94328,0.96104,0.96792
1,2.58456,2.49576,2.48384,2.30024,2.29112,2.16112,1.90848,1.82952,0.87064,0.74144,0.45896,0.40024,0.32672,0.2944,0.1836,0.00912,0.13912,0.23624,0.24496,0.35576,0.50344,0.52328,0.53936,0.54848,0.588,0.67848,0.75968,0.77744,0.78432,0.89512
1,2.50488,2.49296,2.30936,2.30024,2.17024,1.9176,1.83864,0.87976,0.75056,0.46808,0.40936,0.33584,0.30352,0.19272,0.00912,0.13,0.22712,0.23584,0.34664,0.49432,0.51416,0.53024,0.53936,0.57888,0.66936,0.75056,0.76832,0.7752,0.886,1.0696
1,2.62296,2.43936,2.43024,2.30024,2.0476,1.96864,1.00976,0.88056,0.59808,0.53936,0.46584,0.43352,0.32272,0.13912,0.13,0.09712,0.10584,0.21664,0.36432,0.38416,0.40024,0.40936,0.44888,0.53936,0.62056,0.63832,0.6452,0.756,0.9396,1.12344
0,2.53648,2.52736,2.39736,2.14472,2.06576,1.10688,0.97768,0.6952,0.63648,0.56296,0.53064,0.41984,0.23624,0.22712,0.09712,0.00872,0.11952,0.2672,0.28704,0.30312,0.31224,0.35176,0.44224,0.52344,0.5412,0.54808,0.65888,0.84248,1.02632,1.02688
1,2.53608,2.40608,2.15344,2.07448,1.1156,0.9864,0.70392,0.6452,0.57168,0.53936,0.42856,0.24496,0.23584,0.10584,0.00872,0.1108,0.25848,0.27832,0.2944,0.30352,0.34304,0.43352,0.51472,0.53248,0.53936,0.65016,0.83376,1.0176,1.01816,1.04264
1,2.51688,2.26424,2.18528,1.2264,1.0972,0.81472,0.756,0.68248,0.65016,0.53936,0.35576,0.34664,0.21664,0.11952,0.1108,0.14768,0.16752,0.1836,0.19272,0.23224,0.32272,0.40392,0.42168,0.42856,0.53936,0.72296,0.9068,0.90736,0.93184,1.1728
0,2.41192,2.33296,1.37408,1.24488,0.9624,0.90368,0.83016,0.79784,0.68704,0.50344,0.49432,0.36432,0.2672,0.25848,0.14768,0.01984,0.03592,0.04504,0.08456,0.17504,0.25624,0.274,0.28088,0.39168,0.57528,0.75912,0.75968,0.78416,1.02512,1.52832
0,2.3528,1.39392,1.26472,0.98224,0.92352,0.85,0.81768,0.70688,0.52328,0.51416,0.38416,0.28704,0.27832,0.16752,0.01984,0.01608,0.0252,0.06472,0.1552,0.2364,0.25416,0.26104,0.37184,0.55544,0.73928,0.73984,0.76432,1.00528,1.50848,1.9728
1,1.41,1.2808,0.99832,0.9396,0.86608,0.83376,0.72296,0.53936,0.53024,0.40024,0.30312,0.2944,0.1836,0.03592,0.01608,0.00912,0.04864,0.13912,0.22032,0.23808,0.24496,0.35576,0.53936,0.7232,0.72376,0.74824,0.9892,1.4924,1.95672,2.12488
1,1.28992,1.00744,0.94872,0.8752,0.84288,0.73208,0.54848,0.53936,0.40936,0.31224,0.30352,0.19272,0.04504,0.0252,0.00912,0.03952,0.13,0.2112,0.22896,0.23584,0.34664,0.53024,0.71408,0.71464,0.73912,0.98008,1.48328,1.9476,2.11576,2.36696
0,1.04696,0.98824,0.91472,0.8824,0.7716,0.588,0.57888,0.44888,0.35176,0.34304,0.23224,0.08456,0.06472,0.04864,0.03952,0.09048,0.17168,0.18944,0.19632,0.30712,0.49072,0.67456,0.67512,0.6996,0.94056,1.44376,1.90808,2.07624,2.32744,2.40624
1,1.07872,1.0052,0.97288,0.86208,0.67848,0.66936,0.53936,0.44224,0.43352,0.32272,0.17504,0.1552,0.13912,0.13,0.09048,0.0812,0.09896,0.10584,0.21664,0.40024,0.58408,0.58464,0.60912,0.85008,1.35328,1.8176,1.98576,2.23696,2.31576,2.3428
0,1.0864,1.05408,0.94328,0.75968,0.75056,0.62056,0.52344,0.51472,0.40392,0.25624,0.2364,0.22032,0.2112,0.17168,0.0812,0.01776,0.02464,0.13544,0.31904,0.50288,0.50344,0.52792,0.76888,1.27208,1.7364,1.90456,2.15576,2.23456,2.2616,2.3724
0,1.07184,0.96104,0.77744,0.76832,0.63832,0.5412,0.53248,0.42168,0.274,0.25416,0.23808,0.22896,0.18944,0.09896,0.01776,0.00688,0.11768,0.30128,0.48512,0.48568,0.51016,0.75112,1.25432,1.71864,1.8868,2.138,2.2168,2.24384,2.35464,2.3828
1,0.96792,0.78432,0.7752,0.6452,0.54808,0.53936,0.42856,0.28088,0.26104,0.24496,0.23584,0.19632,0.10584,0.02464,0.00688,0.1108,0.2944,0.47824,0.4788,0.50328,0.74424,1.24744,1.71176,1.87992,2.13112,2.20992,2.23696,2.34776,2.37592,2.53136
1,0.89512,0.886,0.756,0.65888,0.65016,0.53936,0.39168,0.37184,0.35576,0.34664,0.30712,0.21664,0.13544,0.11768,0.1108,0.1836,0.36744,0.368,0.39248,0.63344,1.13664,1.60096,1.76912,2.02032,2.09912,2.12616,2.23696,2.26512,2.42056,2.42968
1,1.0696,0.9396,0.84248,0.83376,0.72296,0.57528,0.55544,0.53936,0.53024,0.49072,0.40024,0.31904,0.30128,0.2944,0.1836,0.18384,0.1844,0.20888,0.44984,0.95304,1.41736,1.58552,1.83672,1.91552,1.94256,2.05336,2.08152,2.23696,2.24608,2.37608
0,1.12344,1.02632,1.0176,0.9068,0.75912,0.73928,0.7232,0.71408,0.67456,0.58408,0.50288,0.48512,0.47824,0.36744,0.18384,0.00056,0.02504,0.266,0.7692,1.23352,1.40168,1.65288,1.73168,1.75872,1.86952,1.89768,2.05312,2.06224,2.19224,2.29808
0,1.02688,1.01816,0.90736,0.75968,0.73984,0.72376,0.71464,0.67512,0.58464,0.50344,0.48568,0.4788,0.368,0.1844,0.00056,0.02448,0.26544,0.76864,1.23296,1.40112,1.65232,1.73112,1.75816,1.86896,1.89712,2.05256,2.06168,2.19168,2.29752,2.33384
0,1.04264,0.93184,0.78416,0.76432,0.74824,0.73912,0.6996,0.60912,0.52792,0.51016,0.50328,0.39248,0.20888,0.02504,0.02448,0.24096,0.74416,1.20848,1.37664,1.62784,1.70664,1.73368,1.84448,1.87264,2.02808,2.0372,2.1672,2.27304,2.30936,2.38384
0,1.1728,1.02512,1.00528,0.9892,0.98008,0.94056,0.85008,0.76888,0.75112,0.74424,0.63344,0.44984,0.266,0.26544,0.24096,0.5032,0.96752,1.13568,1.38688,1.46568,1.49272,1.60352,1.63168,1.78712,1.79624,1.92624,2.03208,2.0684,2.14288,2.32648
0,1.52832,1.50848,1.4924,1.48328,1.44376,1.35328,1.27208,1.25432,1.24744,1.13664,0.95304,0.7692,0.76864,0.74416,0.5032,0.46432,0.63248,0.88368,0.96248,0.98952,1.10032,1.12848,1.28392,1.29304,1.42304,1.52888,1.5652,1.63968,1.82328,1.8324
0,1.9728,1.95672,1.9476,1.90808,1.8176,1.7364,1.71864,1.71176,1.60096,1.41736,1.23352,1.23296,1.20848,0.96752,0.46432,0.16816,0.41936,0.49816,0.5252,0.636,0.66416,0.8196,0.82872,0.95872,1.06456,1.10088,1.17536,1.35896,1.36808,1.49808
0,2.12488,2.11576,2.07624,1.98576,1.90456,1.8868,1.87992,1.76912,1.58552,1.40168,1.40112,1.37664,1.13568,0.63248,0.16816,0.2512,0.33,0.35704,0.46784,0.496,0.65144,0.66056,0.79056,0.8964,0.93272,1.0072,1.1908,1.19992,1.32992,1.43576
1,2.36696,2.32744,2.23696,2.15576,2.138,2.13112,2.02032,1.83672,1.65288,1.65232,1.62784,1.38688,0.88368,0.41936,0.2512,0.0788,0.10584,0.21664,0.2448,0.40024,0.40936,0.53936,0.6452,0.68152,0.756,0.9396,0.94872,1.07872,1.18456,1.29536
0,2.40624,2.31576,2.23456,2.2168,2.20992,2.09912,1.91552,1.73168,1.73112,1.70664,1.46568,0.96248,0.49816,0.33,0.0788,0.02704,0.13784,0.166,0.32144,0.33056,0.46056,0.5664,0.60272,0.6772,0.8608,0.86992,0.99992,1.10576,1.21656,1.40016
1,2.3428,2.2616,2.24384,2.23696,2.12616,1.94256,1.75872,1.75816,1.73368,1.49272,0.98952,0.5252,0.35704,0.10584,0.02704,0.1108,0.13896,0.2944,0.30352,0.43352,0.53936,0.57568,0.65016,0.83376,0.84288,0.97288,1.07872,1.18952,1.37312,1.41944
1,2.3724,2.35464,2.34776,2.23696,2.05336,1.86952,1.86896,1.84448,1.60352,1.10032,0.636,0.46784,0.21664,0.13784,0.1108,0.02816,0.1836,0.19272,0.32272,0.42856,0.46488,0.53936,0.72296,0.73208,0.86208,0.96792,1.07872,1.26232,1.30864,1.37032
0,2.3828,2.37592,2.26512,2.08152,1.89768,1.89712,1.87264,1.63168,1.12848,0.66416,0.496,0.2448,0.166,0.13896,0.02816,0.15544,0.16456,0.29456,0.4004,0.43672,0.5112,0.6948,0.70392,0.83392,0.93976,1.05056,1.23416,1.28048,1.34216,1.39408
1,2.53136,2.42056,2.23696,2.05312,2.05256,2.02808,1.78712,1.28392,0.8196,0.65144,0.40024,0.32144,0.2944,0.1836,0.15544,0.00912,0.13912,0.24496,0.28128,0.35576,0.53936,0.54848,0.67848,0.78432,0.89512,1.07872,1.12504,1.18672,1.23864,1.36456
1,2.42968,2.24608,2.06224,2.06168,2.0372,1.79624,1.29304,0.82872,0.66056,0.40936,0.33056,0.30352,0.19272,0.16456,0.00912,0.13,0.23584,0.27216,0.34664,0.53024,0.53936,0.66936,0.7752,0.886,1.0696,1.11592,1.1776,1.22952,1.35544,1.6248
1,2.37608,2.19224,2.19168,2.1672,1.92624,1.42304,0.95872,0.79056,0.53936,0.46056,0.43352,0.32272,0.29456,0.13912,0.13,0.10584,0.14216,0.21664,0.40024,0.40936,0.53936,0.6452,0.756,0.9396,0.98592,1.0476,1.09952,1.22544,1.4948,1.80832
1,2.29808,2.29752,2.27304,2.03208,1.52888,1.06456,0.8964,0.6452,0.5664,0.53936,0.42856,0.4004,0.24496,0.23584,0.10584,0.03632,0.1108,0.2944,0.30352,0.43352,0.53936,0.65016,0.83376,0.88008,0.94176,0.99368,1.1196,1.38896,1.70248,2.2944
0,2.33384,2.30936,2.0684,1.5652,1.10088,0.93272,0.68152,0.60272,0.57568,0.46488,0.43672,0.28128,0.27216,0.14216,0.03632,0.07448,0.25808,0.2672,0.3972,0.50304,0.61384,0.79744,0.84376,0.90544,0.95736,1.08328,1.35264,1.66616,2.25808,2.6356
1,2.38384,2.14288,1.63968,1.17536,1.0072,0.756,0.6772,0.65016,0.53936,0.5112,0.35576,0.34664,0.21664,0.1108,0.07448,0.1836,0.19272,0.32272,0.42856,0.53936,0.72296,0.76928,0.83096,0.88288,1.0088,1.27816,1.59168,2.1836,2.56112,2.59992
1,2.32648,1.82328,1.35896,1.1908,0.9396,0.8608,0.83376,0.72296,0.6948,0.53936,0.53024,0.40024,0.2944,0.25808,0.1836,0.00912,0.13912,0.24496,0.35576,0.53936,0.58568,0.64736,0.69928,0.8252,1.09456,1.40808,2.0,2.37752,2.41632,2.52216
1,1.8324,1.36808,1.19992,0.94872,0.86992,0.84288,0.73208,0.70392,0.54848,0.53936,0.40936,0.30352,0.2672,0.19272,0.00912,0.13,0.23584,0.34664,0.53024,0.57656,0.63824,0.69016,0.81608,1.08544,1.39896,1.99088,2.3684,2.4072,2.51304,2.5228
1,1.49808,1.32992,1.07872,0.99992,0.97288,0.86208,0.83392,0.67848,0.66936,0.53936,0.43352,0.3972,0.32272,0.13912,0.13,0.10584,0.21664,0.40024,0.44656,0.50824,0.56016,0.68608,0.95544,1.26896,1.86088,2.2384,2.2772,2.38304,2.3928,2.4664
1,1.43576,1.18456,1.10576,1.07872,0.96792,0.93976,0.78432,0.7752,0.6452,0.53936,0.50304,0.42856,0.24496,0.23584,0.10584,0.1108,0.2944,0.34072,0.4024,0.45432,0.58024,0.8496,1.16312,1.75504,2.13256,2.17136,2.2772,2.28696,2.36056,2.388
1,1.29536,1.21656,1.18952,1.07872,1.05056,0.89512,0.886,0.756,0.65016,0.61384,0.53936,0.35576,0.34664,0.21664,0.1108,0.1836,0.22992,0.2916,0.34352,0.46944,0.7388,1.05232,1.64424,2.02176,2.06056,2.1664,2.17616,2.24976,2.2772,2.4608
1,1.40016,1.37312,1.26232,1.23416,1.07872,1.0696,0.9396,0.83376,0.79744,0.72296,0.53936,0.53024,0.40024,0.2944,0.1836,0.04632,0.108,0.15992,0.28584,0.5552,0.86872,1.46064,1.83816,1.87696,1.9828,1.99256,2.06616,2.0936,2.2772,2.28632
0,1.41944,1.30864,1.28048,1.12504,1.11592,0.98592,0.88008,0.84376,0.76928,0.58568,0.57656,0.44656,0.34072,0.22992,0.04632,0.06168,0.1136,0.23952,0.50888,0.8224,1.41432,1.79184,1.83064,1.93648,1.94624,2.01984,2.04728,2.23088,2.24,2.37
0,1.37032,1.34216,1.18672,1.1776,1.0476,0.94176,0.90544,0.83096,0.64736,0.63824,0.50824,0.4024,0.2916,0.108,0.06168,0.05192,0.17784,0.4472,0.76072,1.35264,1.73016,1.76896,1.8748,1.88456,1.95816,1.9856,2.1692,2.17832,2.30832,2.40904
0,1.39408,1.23864,1.22952,1.09952,0.99368,0.95736,0.88288,0.69928,0.69016,0.56016,0.45432,0.34352,0.15992,0.1136,0.05192,0.12592,0.39528,0.7088,1.30072,1.67824,1.71704,1.82288,1.83264,1.90624,1.93368,2.11728,2.1264,2.2564,2.35712,2.36224
0,1.36456,1.35544,1.22544,1.1196,1.08328,1.0088,0.8252,0.81608,0.68608,0.58024,0.46944,0.28584,0.23952,0.17784,0.12592,0.26936,0.58288,1.1748,1.55232,1.59112,1.69696,1.70672,1.78032,1.80776,1.99136,2.00048,2.13048,2.2312,2.23632,2.30824
0,1.6248,1.4948,1.38896,1.35264,1.27816,1.09456,1.08544,0.95544,0.8496,0.7388,0.5552,0.50888,0.4472,0.39528,0.26936,0.31352,0.90544,1.28296,1.32176,1.4276,1.43736,1.51096,1.5384,1.722,1.73112,1.86112,1.96184,1.96696,2.03888,2.07776
0,1.80832,1.70248,1.66616,1.59168,1.40808,1.39896,1.26896,1.16312,1.05232,0.86872,0.8224,0.76072,0.7088,0.58288,0.31352,0.59192,0.96944,1.00824,1.11408,1.12384,1.19744,1.22488,1.40848,1.4176,1.5476,1.64832,1.65344,1.72536,1.76424,1.94784
0,2.2944,2.25808,2.1836,2.0,1.99088,1.86088,1.75504,1.64424,1.46064,1.41432,1.35264,1.30072,1.1748,0.90544,0.59192,0.37752,0.41632,0.52216,0.53192,0.60552,0.63296,0.81656,0.82568,0.95568,1.0564,1.06152,1.13344,1.17232,1.35592,1.36504
0,2.6356,2.56112,2.37752,2.3684,2.2384,2.13256,2.02176,1.83816,1.79184,1.73016,1.67824,1.55232,1.28296,0.96944,0.37752,0.0388,0.14464,0.1544,0.228,0.25544,0.43904,0.44816,0.57816,0.67888,0.684,0.75592,0.7948,0.9784,0.98752,1.11752
1,2.59992,2.41632,2.4072,2.2772,2.17136,2.06056,1.87696,1.83064,1.76896,1.71704,1.59112,1.32176,1.00824,0.41632,0.0388,0.10584,0.1156,0.1892,0.21664,0.40024,0.40936,0.53936,0.64008,0.6452,0.71712,0.756,0.9396,0.94872,1.07872,1.11032
1,2.52216,2.51304,2.38304,2.2772,2.1664,1.9828,1.93648,1.8748,1.82288,1.69696,1.4276,1.11408,0.52216,0.14464,0.10584,0.00976,0.08336,0.1108,0.2944,0.30352,0.43352,0.53424,0.53936,0.61128,0.65016,0.83376,0.84288,0.97288,1.00448,1.00936
0,2.5228,2.3928,2.28696,2.17616,1.99256,1.94624,1.88456,1.83264,1.70672,1.43736,1.12384,0.53192,0.1544,0.1156,0.00976,0.0736,0.10104,0.28464,0.29376,0.42376,0.52448,0.5296,0.60152,0.6404,0.824,0.83312,0.96312,0.99472,0.9996,1.07728
0,2.4664,2.36056,2.24976,2.06616,2.01984,1.95816,1.90624,1.78032,1.51096,1.19744,0.60552,0.228,0.1892,0.08336,0.0736,0.02744,0.21104,0.22016,0.35016,0.45088,0.456,0.52792,0.5668,0.7504,0.75952,0.88952,0.92112,0.926,1.00368,1.28456
1,2.388,2.2772,2.0936,2.04728,1.9856,1.93368,1.80776,1.5384,1.22488,0.63296,0.25544,0.21664,0.1108,0.10104,0.02744,0.1836,0.19272,0.32272,0.42344,0.42856,0.50048,0.53936,0.72296,0.73208,0.86208,0.89368,0.89856,0.97624,1.25712,1.3712
1,2.4608,2.2772,2.23088,2.1692,2.11728,1.99136,1.722,1.40848,0.81656,0.43904,0.40024,0.2944,0.28464,0.21104,0.1836,0.00912,0.13912,0.23984,0.24496,0.31688,0.35576,0.53936,0.54848,0.67848,0.71008,0.71496,0.79264,1.07352,1.1876,1.23536
1,2.28632,2.24,2.17832,2.1264,2.00048,1.73112,1.4176,0.82568,0.44816,0.40936,0.30352,0.29376,0.22016,0.19272,0.00912,0.13,0.23072,0.23584,0.30776,0.34664,0.53024,0.53936,0.66936,0.70096,0.70584,0.78352,1.0644,1.17848,1.22624,1.6724
1,2.37,2.30832,2.2564,2.13048,1.86112,1.5476,0.95568,0.57816,0.53936,0.43352,0.42376,0.35016,0.32272,0.13912,0.13,0.10072,0.10584,0.17776,0.21664,0.40024,0.40936,0.53936,0.57096,0.57584,0.65352,0.9344,1.04848,1.09624,1.5424,1.81464
0,2.40904,2.35712,2.2312,1.96184,1.64832,1.0564,0.67888,0.64008,0.53424,0.52448,0.45088,0.42344,0.23984,0.23072,0.10072,0.00512,0.07704,0.11592,0.29952,0.30864,0.43864,0.47024,0.47512,0.5528,0.83368,0.94776,0.99552,1.44168,1.71392,1.82128
1,2.36224,2.23632,1.96696,1.65344,1.06152,0.684,0.6452,0.53936,0.5296,0.456,0.42856,0.24496,0.23584,0.10584,0.00512,0.07192,0.1108,0.2944,0.30352,0.43352,0.46512,0.47,0.54768,0.82856,0.94264,0.9904,1.43656,1.7088,1.81616,1.84872
0,2.30824,2.03888,1.72536,1.13344,0.75592,0.71712,0.61128,0.60152,0.52792,0.50048,0.31688,0.30776,0.17776,0.07704,0.07192,0.03888,0.22248,0.2316,0.3616,0.3932,0.39808,0.47576,0.75664,0.87072,0.91848,1.36464,1.63688,1.74424,1.7768,1.85752
1,2.07776,1.76424,1.17232,0.7948,0.756,0.65016,0.6404,0.5668,0.53936,0.35576,0.34664,0.21664,0.11592,0.1108,0.03888,0.1836,0.19272,0.32272,0.35432,0.3592,0.43688,0.71776,0.83184,0.8796,1.32576,1.598,1.70536,1.73792,1.81864,1.98
1,1.94784,1.35592,0.9784,0.9396,0.83376,0.824,0.7504,0.72296,0.53936,0.53024,0.40024,0.29952,0.2944,0.22248,0.1836,0.00912,0.13912,0.17072,0.1756,0.25328,0.53416,0.64824,0.696,1.14216,1.4144,1.52176,1.55432,1.63504,1.7964,1.90224
1,1.36504,0.98752,0.94872,0.84288,0.83312,0.75952,0.73208,0.54848,0.53936,0.40936,0.30864,0.30352,0.2316,0.19272,0.00912,0.13,0.1616,0.16648,0.24416,0.52504,0.63912,0.68688,1.13304,1.40528,1.51264,1.5452,1.62592,1.78728,1.89312,2.00392
1,1.11752,1.07872,0.97288,0.96312,0.88952,0.86208,0.67848,0.66936,0.53936,0.43864,0.43352,0.3616,0.32272,0.13912,0.13,0.0316,0.03648,0.11416,0.39504,0.50912,0.55688,1.00304,1.27528,1.38264,1.4152,1.49592,1.65728,1.76312,1.87392,1.96896
0,1.11032,1.00448,0.99472,0.92112,0.89368,0.71008,0.70096,0.57096,0.47024,0.46512,0.3932,0.35432,0.17072,0.1616,0.0316,0.00488,0.08256,0.36344,0.47752,0.52528,0.97144,1.24368,1.35104,1.3836,1.46432,1.62568,1.73152,1.84232,1.93736,1.9444
0,1.00936,0.9996,0.926,0.89856,0.71496,0.70584,0.57584,0.47512,0.47,0.39808,0.3592,0.1756,0.16648,0.03648,0.00488,0.07768,0.35856,0.47264,0.5204,0.96656,1.2388,1.34616,1.37872,1.45944,1.6208,1.72664,1.83744,1.93248,1.93952,2.02104
0,1.07728,1.00368,0.97624,0.79264,0.78352,0.65352,0.5528,0.54768,0.47576,0.43688,0.25328,0.24416,0.11416,0.08256,0.07768,0.28088,0.39496,0.44272,0.88888,1.16112,1.26848,1.30104,1.38176,1.54312,1.64896,1.75976,1.8548,1.86184,1.94336,1.95248
0,1.28456,1.25712,1.07352,1.0644,0.9344,0.83368,0.82856,0.75664,0.71776,0.53416,0.52504,0.39504,0.36344,0.35856,0.28088,0.11408,0.16184,0.608,0.88024,0.9876,1.02016,1.10088,1.26224,1.36808,1.47888,1.57392,1.58096,1.66248,1.6716,1.8016
0,1.3712,1.1876,1.17848,1.04848,0.94776,0.94264,0.87072,0.83184,0.64824,0.63912,0.50912,0.47752,0.47264,0.39496,0.11408,0.04776,0.49392,0.76616,0.87352,0.90608,0.9868,1.14816,1.254,1.3648,1.45984,1.46688,1.5484,1.55752,1.68752,1.79336
0,1.23536,1.22624,1.09624,0.99552,0.9904,0.91848,0.8796,0.696,0.68688,0.55688,0.52528,0.5204,0.44272,0.16184,0.04776,0.44616,0.7184,0.82576,0.85832,0.93904,1.1004,1.20624,1.31704,1.41208,1.41912,1.50064,1.50976,1.63976,1.7456,1.75832
0,1.6724,1.5424,1.44168,1.43656,1.36464,1.32576,1.14216,1.13304,1.00304,0.97144,0.96656,0.88888,0.608,0.49392,0.44616,0.27224,0.3796,0.41216,0.49288,0.65424,0.76008,0.87088,0.96592,0.97296,1.05448,1.0636,1.1936,1.29944,1.31216,1.38112
0,1.81464,1.71392,1.7088,1.63688,1.598,1.4144,1.40528,1.27528,1.24368,1.2388,1.16112,0.88024,0.76616,0.7184,0.27224,0.10736,0.13992,0.22064,0.382,0.48784,0.59864,0.69368,0.70072,0.78224,0.79136,0.92136,1.0272,1.03992,1.10888,1.138
0,1.82128,1.81616,1.74424,1.70536,1.52176,1.51264,1.38264,1.35104,1.34616,1.26848,0.9876,0.87352,0.82576,0.3796,0.10736,0.03256,0.11328,0.27464,0.38048,0.49128,0.58632,0.59336,0.67488,0.684,0.814,0.91984,0.93256,1.00152,1.03064,1.21424
0,1.84872,1.7768,1.73792,1.55432,1.5452,1.4152,1.3836,1.37872,1.30104,1.02016,0.90608,0.85832,0.41216,0.13992,0.03256,0.08072,0.24208,0.34792,0.45872,0.55376,0.5608,0.64232,0.65144,0.78144,0.88728,0.9,0.96896,0.99808,1.18168,1.1908
0,1.85752,1.81864,1.63504,1.62592,1.49592,1.46432,1.45944,1.38176,1.10088,0.9868,0.93904,0.49288,0.22064,0.11328,0.08072,0.16136,0.2672,0.378,0.47304,0.48008,0.5616,0.57072,0.70072,0.80656,0.81928,0.88824,0.91736,1.10096,1.11008,1.24008
1,1.98,1.7964,1.78728,1.65728,1.62568,1.6208,1.54312,1.26224,1.14816,1.1004,0.65424,0.382,0.27464,0.24208,0.16136,0.10584,0.21664,0.31168,0.31872,0.40024,0.40936,0.53936,0.6452,0.65792,0.72688,0.756,0.9396,0.94872,1.07872,1.12016
1,1.90224,1.89312,1.76312,1.73152,1.72664,1.64896,1.36808,1.254,1.20624,0.76008,0.48784,0.38048,0.34792,0.2672,0.10584,0.1108,0.20584,0.21288,0.2944,0.30352,0.43352,0.53936,0.55208,0.62104,0.65016,0.83376,0.84288,0.97288,1.01432,1.07872
1,2.00392,1.87392,1.84232,1.83744,1.75976,1.47888,1.3648,1.31704,0.87088,0.59864,0.49128,0.45872,0.378,0.21664,0.1108,0.09504,0.10208,0.1836,0.19272,0.32272,0.42856,0.44128,0.51024,0.53936,0.72296,0.73208,0.86208,0.90352,0.96792,0.97208
0,1.96896,1.93736,1.93248,1.8548,1.57392,1.45984,1.41208,0.96592,0.69368,0.58632,0.55376,0.47304,0.31168,0.20584,0.09504,0.00704,0.08856,0.09768,0.22768,0.33352,0.34624,0.4152,0.44432,0.62792,0.63704,0.76704,0.80848,0.87288,0.87704,0.91608
0,1.9444,1.93952,1.86184,1.58096,1.46688,1.41912,0.97296,0.70072,0.59336,0.5608,0.48008,0.31872,0.21288,0.10208,0.00704,0.08152,0.09064,0.22064,0.32648,0.3392,0.40816,0.43728,0.62088,0.63,0.76,0.80144,0.86584,0.87,0.90904,0.97664
1,2.02104,1.94336,1.66248,1.5484,1.50064,1.05448,0.78224,0.67488,0.64232,0.5616,0.40024,0.2944,0.1836,0.08856,0.08152,0.00912,0.13912,0.24496,0.25768,0.32664,0.35576,0.53936,0.54848,0.67848,0.71992,0.78432,0.78848,0.82752,0.89512,1.99208
1,1.95248,1.6716,1.55752,1.50976,1.0636,0.79136,0.684,0.65144,0.57072,0.40936,0.30352,0.19272,0.09768,0.09064,0.00912,0.13,0.23584,0.24856,0.31752,0.34664,0.53024,0.53936,0.66936,0.7108,0.7752,0.77936,0.8184,0.886,1.98296,2.0
1,1.8016,1.68752,1.63976,1.1936,0.92136,0.814,0.78144,0.70072,0.53936,0.43352,0.32272,0.22768,0.22064,0.13912,0.13,0.10584,0.11856,0.18752,0.21664,0.40024,0.40936,0.53936,0.5808,0.6452,0.64936,0.6884,0.756,1.85296,1.87,2.14848
1,1.79336,1.7456,1.29944,1.0272,0.91984,0.88728,0.80656,0.6452,0.53936,0.42856,0.33352,0.32648,0.24496,0.23584,0.10584,0.01272,0.08168,0.1108,0.2944,0.30352,0.43352,0.47496,0.53936,0.54352,0.58256,0.65016,1.74712,1.76416,2.04264,2.14848
0,1.75832,1.31216,1.03992,0.93256,0.9,0.81928,0.65792,0.55208,0.44128,0.34624,0.3392,0.25768,0.24856,0.11856,0.01272,0.06896,0.09808,0.28168,0.2908,0.4208,0.46224,0.52664,0.5308,0.56984,0.63744,1.7344,1.75144,2.02992,2.13576,2.24656
0,1.38112,1.10888,1.00152,0.96896,0.88824,0.72688,0.62104,0.51024,0.4152,0.40816,0.32664,0.31752,0.18752,0.08168,0.06896,0.02912,0.21272,0.22184,0.35184,0.39328,0.45768,0.46184,0.50088,0.56848,1.66544,1.68248,1.96096,2.0668,2.1776,2.3612
1,1.138,1.03064,0.99808,0.91736,0.756,0.65016,0.53936,0.44432,0.43728,0.35576,0.34664,0.21664,0.1108,0.09808,0.02912,0.1836,0.19272,0.32272,0.36416,0.42856,0.43272,0.47176,0.53936,1.63632,1.65336,1.93184,2.03768,2.14848,2.33208,2.3412
1,1.21424,1.18168,1.10096,0.9396,0.83376,0.72296,0.62792,0.62088,0.53936,0.53024,0.40024,0.2944,0.28168,0.21272,0.1836,0.00912,0.13912,0.18056,0.24496,0.24912,0.28816,0.35576,1.45272,1.46976,1.74824,1.85408,1.96488,2.14848,2.1576,2.2876
1,1.1908,1.11008,0.94872,0.84288,0.73208,0.63704,0.63,0.54848,0.53936,0.40936,0.30352,0.2908,0.22184,0.19272,0.00912,0.13,0.17144,0.23584,0.24,0.27904,0.34664,1.4436,1.46064,1.73912,1.84496,1.95576,2.13936,2.14848,2.27848,2.3592
1,1.24008,1.07872,0.97288,0.86208,0.76704,0.76,0.67848,0.66936,0.53936,0.43352,0.4208,0.35184,0.32272,0.13912,0.13,0.04144,0.10584,0.11,0.14904,0.21664,1.3136,1.33064,1.60912,1.71496,1.82576,2.00936,2.01848,2.14848,2.2292,2.25432
0,1.12016,1.01432,0.90352,0.80848,0.80144,0.71992,0.7108,0.5808,0.47496,0.46224,0.39328,0.36416,0.18056,0.17144,0.04144,0.0644,0.06856,0.1076,0.1752,1.27216,1.2892,1.56768,1.67352,1.78432,1.96792,1.97704,2.10704,2.18776,2.21288,2.32368
1,1.07872,0.96792,0.87288,0.86584,0.78432,0.7752,0.6452,0.53936,0.52664,0.45768,0.42856,0.24496,0.23584,0.10584,0.0644,0.00416,0.0432,0.1108,1.20776,1.2248,1.50328,1.60912,1.71992,1.90352,1.91264,2.04264,2.12336,2.14848,2.25928,2.44288
0,0.97208,0.87704,0.87,0.78848,0.77936,0.64936,0.54352,0.5308,0.46184,0.43272,0.24912,0.24,0.11,0.06856,0.00416,0.03904,0.10664,1.2036,1.22064,1.49912,1.60496,1.71576,1.89936,1.90848,2.03848,2.1192,2.14432,2.25512,2.43872,2.44784
0,0.91608,0.90904,0.82752,0.8184,0.6884,0.58256,0.56984,0.50088,0.47176,0.28816,0.27904,0.14904,0.1076,0.0432,0.03904,0.0676,1.16456,1.1816,1.46008,1.56592,1.67672,1.86032,1.86944,1.99944,2.08016,2.10528,2.21608,2.39968,2.4088,2.5388
1,0.97664,0.89512,0.886,0.756,0.65016,0.63744,0.56848,0.53936,0.35576,0.34664,0.21664,0.1752,0.1108,0.10664,0.0676,1.09696,1.114,1.39248,1.49832,1.60912,1.79272,1.80184,1.93184,2.01256,2.03768,2.14848,2.33208,2.3412,2.4712,2.57704
0,1.99208,1.98296,1.85296,1.74712,1.7344,1.66544,1.63632,1.45272,1.4436,1.3136,1.27216,1.20776,1.2036,1.16456,1.09696,0.01704,0.29552,0.40136,0.51216,0.69576,0.70488,0.83488,0.9156,0.94072,1.05152,1.23512,1.24424,1.37424,1.48008,1.4888
0,2.0,1.87,1.76416,1.75144,1.68248,1.65336,1.46976,1.46064,1.33064,1.2892,1.2248,1.22064,1.1816,1.114,0.01704,0.27848,0.38432,0.49512,0.67872,0.68784,0.81784,0.89856,0.92368,1.03448,1.21808,1.2272,1.3572,1.46304,1.47176,1.57384
1,2.14848,2.04264,2.02992,1.96096,1.93184,1.74824,1.73912,1.60912,1.56768,1.50328,1.49912,1.46008,1.39248,0.29552,0.27848,0.10584,0.21664,0.40024,0.40936,0.53936,0.62008,0.6452,0.756,0.9396,0.94872,1.07872,1.18456,1.19328,1.29536,1.47896
1,2.14848,2.13576,2.0668,2.03768,1.85408,1.84496,1.71496,1.67352,1.60912,1.60496,1.56592,1.49832,0.40136,0.38432,0.10584,0.1108,0.2944,0.30352,0.43352,0.51424,0.53936,0.65016,0.83376,0.84288,0.97288,1.07872,1.08744,1.18952,1.37312,1.38224
1,2.24656,2.1776,2.14848,1.96488,1.95576,1.82576,1.78432,1.71992,1.71576,1.67672,1.60912,0.51216,0.49512,0.21664,0.1108,0.1836,0.19272,0.32272,0.40344,0.42856,0.53936,0.72296,0.73208,0.86208,0.96792,0.97664,1.07872,1.26232,1.27144,1.28136
1,2.3612,2.33208,2.14848,2.13936,2.00936,1.96792,1.90352,1.89936,1.86032,1.79272,0.69576,0.67872,0.40024,0.2944,0.1836,0.00912,0.13912,0.21984,0.24496,0.35576,0.53936,0.54848,0.67848,0.78432,0.79304,0.89512,1.07872,1.08784,1.09776,1.21784
1,2.3412,2.1576,2.14848,2.01848,1.97704,1.91264,1.90848,1.86944,1.80184,0.70488,0.68784,0.40936,0.30352,0.19272,0.00912,0.13,0.21072,0.23584,0.34664,0.53024,0.53936,0.66936,0.7752,0.78392,0.886,1.0696,1.07872,1.08864,1.20872,1.31456
1,2.2876,2.27848,2.14848,2.10704,2.04264,2.03848,1.99944,1.93184,0.83488,0.81784,0.53936,0.43352,0.32272,0.13912,0.13,0.08072,0.10584,0.21664,0.40024,0.40936,0.53936,0.6452,0.65392,0.756,0.9396,0.94872,0.95864,1.07872,1.18456,1.29536
0,2.3592,2.2292,2.18776,2.12336,2.1192,2.08016,2.01256,0.9156,0.89856,0.62008,0.51424,0.40344,0.21984,0.21072,0.08072,0.02512,0.13592,0.31952,0.32864,0.45864,0.56448,0.5732,0.67528,0.85888,0.868,0.87792,0.998,1.10384,1.21464,1.24
1,2.25432,2.21288,2.14848,2.14432,2.10528,2.03768,0.94072,0.92368,0.6452,0.53936,0.42856,0.24496,0.23584,0.10584,0.02512,0.1108,0.2944,0.30352,0.43352,0.53936,0.54808,0.65016,0.83376,0.84288,0.8528,0.97288,1.07872,1.18952,1.21488,1.2224
1,2.32368,2.25928,2.25512,2.21608,2.14848,1.05152,1.03448,0.756,0.65016,0.53936,0.35576,0.34664,0.21664,0.13592,0.1108,0.1836,0.19272,0.32272,0.42856,0.43728,0.53936,0.72296,0.73208,0.742,0.86208,0.96792,1.07872,1.10408,1.1116,1.13976
1,2.44288,2.43872,2.39968,2.33208,1.23512,1.21808,0.9396,0.83376,0.72296,0.53936,0.53024,0.40024,0.31952,0.2944,0.1836,0.00912,0.13912,0.24496,0.25368,0.35576,0.53936,0.54848,0.5584,0.67848,0.78432,0.89512,0.92048,0.928,0.95616,1.07872
1,2.44784,2.4088,2.3412,1.24424,1.2272,0.94872,0.84288,0.73208,0.54848,0.53936,0.40936,0.32864,0.30352,0.19272,0.00912,0.13,0.23584,0.24456,0.34664,0.53024,0.53936,0.54928,0.66936,0.7752,0.886,0.91136,0.91888,0.94704,1.0696,1.07872
1,2.5388,2.4712,1.37424,1.3572,1.07872,0.97288,0.86208,0.67848,0.66936,0.53936,0.45864,0.43352,0.32272,0.13912,0.13,0.10584,0.11456,0.21664,0.40024,0.40936,0.41928,0.53936,0.6452,0.756,0.78136,0.78888,0.81704,0.9396,0.94872,1.0292
1,2.57704,1.48008,1.46304,1.18456,1.07872,0.96792,0.78432,0.7752,0.6452,0.56448,0.53936,0.42856,0.24496,0.23584,0.10584,0.00872,0.1108,0.2944,0.30352,0.31344,0.43352,0.53936,0.65016,0.67552,0.68304,0.7112,0.83376,0.84288,0.92336,1.0012
0,1.4888,1.47176,1.19328,1.08744,0.97664,0.79304,0.78392,0.65392,0.5732,0.54808,0.43728,0.25368,0.24456,0.11456,0.00872,0.10208,0.28568,0.2948,0.30472,0.4248,0.53064,0.64144,0.6668,0.67432,0.70248,0.82504,0.83416,0.91464,0.99248,1.02584
1,1.57384,1.29536,1.18952,1.07872,0.89512,0.886,0.756,0.67528,0.65016,0.53936,0.35576,0.34664,0.21664,0.1108,0.10208,0.1836,0.19272,0.20264,0.32272,0.42856,0.53936,0.56472,0.57224,0.6004,0.72296,0.73208,0.81256,0.8904,0.92376,1.064
1,1.47896,1.37312,1.26232,1.07872,1.0696,0.9396,0.85888,0.83376,0.72296,0.53936,0.53024,0.40024,0.2944,0.28568,0.1836,0.00912,0.01904,0.13912,0.24496,0.35576,0.38112,0.38864,0.4168,0.53936,0.54848,0.62896,0.7068,0.74016,0.8804,0.94104
1,1.38224,1.27144,1.08784,1.07872,0.94872,0.868,0.84288,0.73208,0.54848,0.53936,0.40936,0.30352,0.2948,0.19272,0.00912,0.00992,0.13,0.23584,0.34664,0.372,0.37952,0.40768,0.53024,0.53936,0.61984,0.69768,0.73104,0.87128,0.93192,1.00872
0,1.28136,1.09776,1.08864,0.95864,0.87792,0.8528,0.742,0.5584,0.54928,0.41928,0.31344,0.30472,0.20264,0.01904,0.00992,0.12008,0.22592,0.33672,0.36208,0.3696,0.39776,0.52032,0.52944,0.60992,0.68776,0.72112,0.86136,0.922,0.9988,1.4724
1,1.21784,1.20872,1.07872,0.998,0.97288,0.86208,0.67848,0.66936,0.53936,0.43352,0.4248,0.32272,0.13912,0.13,0.12008,0.10584,0.21664,0.242,0.24952,0.27768,0.40024,0.40936,0.48984,0.56768,0.60104,0.74128,0.80192,0.87872,1.35232,1.52448
1,1.31456,1.18456,1.10384,1.07872,0.96792,0.78432,0.7752,0.6452,0.53936,0.53064,0.42856,0.24496,0.23584,0.22592,0.10584,0.1108,0.13616,0.14368,0.17184,0.2944,0.30352,0.384,0.46184,0.4952,0.63544,0.69608,0.77288,1.24648,1.41864,0.0
1,1.29536,1.21464,1.18952,1.07872,0.89512,0.886,0.756,0.65016,0.64144,0.53936,0.35576,0.34664,0.33672,0.21664,0.1108,0.02536,0.03288,0.06104,0.1836,0.19272,0.2732,0.35104,0.3844,0.52464,0.58528,0.66208,1.13568,1.30784,0.0,0.0
0,1.24,1.21488,1.10408,0.92048,0.91136,0.78136,0.67552,0.6668,0.56472,0.38112,0.372,0.36208,0.242,0.13616,0.02536,0.00752,0.03568,0.15824,0.16736,0.24784,0.32568,0.35904,0.49928,0.55992,0.63672,1.11032,1.28248,0.0,0.0,0.0
0,1.2224,1.1116,0.928,0.91888,0.78888,0.68304,0.67432,0.57224,0.38864,0.37952,0.3696,0.24952,0.14368,0.03288,0.00752,0.02816,0.15072,0.15984,0.24032,0.31816,0.35152,0.49176,0.5524,0.6292,1.1028,1.27496,0.0,0.0,0.0,0.0
0,1.13976,0.95616,0.94704,0.81704,0.7112,0.70248,0.6004,0.4168,0.40768,0.39776,0.27768,0.17184,0.06104,0.03568,0.02816,0.12256,0.13168,0.21216,0.29,0.32336,0.4636,0.52424,0.60104,1.07464,1.2468,0.0,0.0,0.0,0.0,0.0
1,1.07872,1.0696,0.9396,0.83376,0.82504,0.72296,0.53936,0.53024,0.52032,0.40024,0.2944,0.1836,0.15824,0.15072,0.12256,0.00912,0.0896,0.16744,0.2008,0.34104,0.40168,0.47848,0.95208,1.12424,0.0,0.0,0.0,0.0,0.0,0.0
1,1.07872,0.94872,0.84288,0.83416,0.73208,0.54848,0.53936,0.52944,0.40936,0.30352,0.19272,0.16736,0.15984,0.13168,0.00912,0.08048,0.15832,0.19168,0.33192,0.39256,0.46936,0.94296,1.11512,0.0,0.0,0.0,0.0,0.0,0.0,0.0
0,1.0292,0.92336,0.91464,0.81256,0.62896,0.61984,0.60992,0.48984,0.384,0.2732,0.24784,0.24032,0.21216,0.0896,0.08048,0.07784,0.1112,0.25144,0.31208,0.38888,0.86248,1.03464,0.0,0.0,0.0,0.0,0.0,0.0,0.0,0.0
0,1.0012,0.99248,0.8904,0.7068,0.69768,0.68776,0.56768,0.46184,0.35104,0.32568,0.31816,0.29,0.16744,0.15832,0.07784,0.03336,0.1736,0.23424,0.31104,0.78464,0.9568,0.0,0.0,0.0,0.0,0.0,0.0,0.0,0.0,0.0
0,1.02584,0.92376,0.74016,0.73104,0.72112,0.60104,0.4952,0.3844,0.35904,0.35152,0.32336,0.2008,0.19168,0.1112,0.03336,0.14024,0.20088,0.27768,0.75128,0.92344,0.0,0.0,0.0,0.0,0.0,0.0,0.0,0.0,0.0,0.0
0,1.064,0.8804,0.87128,0.86136,0.74128,0.63544,0.52464,0.49928,0.49176,0.4636,0.34104,0.33192,0.25144,0.1736,0.14024,0.06064,0.13744,0.61104,0.7832,0.0,0.0,0.0,0.0,0.0,0.0,0.0,0.0,0.0,0.0,0.0
0,0.94104,0.93192,0.922,0.80192,0.69608,0.58528,0.55992,0.5524,0.52424,0.40168,0.39256,0.31208,0.23424,0.20088,0.06064,0.0768,0.5504,0.72256,0.0,0.0,0.0,0.0,0.0,0.0,0.0,0.0,0.0,0.0,0.0,0.0
0,1.00872,0.9988,0.87872,0.77288,0.66208,0.63672,0.6292,0.60104,0.47848,0.46936,0.38888,0.31104,0.27768,0.13744,0.0768,0.4736,0.64576,0.0,0.0,0.0,0.0,0.0,0.0,0.0,0.0,0.0,0.0,0.0,0.0,0.0
0,1.4724,1.35232,1.24648,1.13568,1.11032,1.1028,1.07464,0.95208,0.94296,0.86248,0.78464,0.75128,0.61104,0.5504,0.4736,0.17216,0.0,0.0,0.0,0.0,0.0,0.0,0.0,0.0,0.0,0.0,0.0,0.0,0.0,0.0
0,1.52448,1.41864,1.30784,1.28248,1.27496,1.2468,1.12424,1.11512,1.03464,0.9568,0.92344,0.7832,0.72256,0.64576,0.17216,0.0,0.0,0.0,0.0,0.0,0.0,0.0,0.0,0.0,0.0,0.0,0.0,0.0,0.0,0.0
